sample,instrument,emotion,model,pre_mean_ai,rel_b2,std_b2,b1_trend,b2_level,b3_slope,se_b2,se_b3,p_b2,p_b3,ci_b2_lo,ci_b2_hi,ci_b3_lo,ci_b3_hi,p_b2_holm,p_b3_holm
all,m1,anger,comparative,0.04703002795577049,0.12969156096778545,0.5600177425991053,0.0001581002626993588,0.006099397737942463,-0.00010882973804277608,0.004545964639109802,0.00015095468945839133,0.17968779420241432,0.47094453892210963,-0.0028105292297053728,0.015009324705590299,-0.0004046954926786513,0.00018703601659309912,1.0,1.0
all,m1,anger,single_ai,0.04703002795577049,0.016336093519607537,0.0705404588199144,0.00015577477406113885,0.0007682869349152237,0.00015404161571525975,0.0029938350809081667,8.259821280102378e-05,0.7974698193349219,0.062188279348953865,-0.0050995219993173425,0.006636095869147789,-7.847906562122092e-06,0.0003159311379926416,,
all,m1,anger,single_control,0.04703002795577049,-0.11335546744817784,-0.48947728377919064,-2.3254886382198894e-06,-0.005331110803027236,0.0002628713537580361,0.0025752150068260285,0.00011897477940144786,0.03843722902705088,0.027141880452766082,-0.01037843946885332,-0.0002837821372011504,2.9685071062600382e-05,0.0004960576364534718,,
all,m1,disgust,comparative,0.07726593315601349,-0.030155396224001863,-0.15775157849902696,0.0002706407275768398,-0.0023299848289368296,-3.165297452329065e-05,0.005326356375794482,0.0001765613648118277,0.6617890820058494,0.8577220612276603,-0.012769451494319304,0.008109481836445645,-0.0003777068906157106,0.0003144009415691293,1.0,1.0
all,m1,disgust,single_ai,0.07726593315601349,-0.03892118308613423,-0.20360793880069578,0.0002439990653765936,-0.00300728153068621,0.00017810696935534882,0.003367415784958883,9.63607441288436e-05,0.3718286696197092,0.06455384543911416,-0.009607295190177296,0.003592732128804876,-1.0756618660664124e-05,0.00036697055737136173,,
all,m1,disgust,single_control,0.07726593315601349,-0.008765786862132289,-0.04585636030166842,-2.6641662200246177e-05,-0.0006772967017493746,0.00020975994387863983,0.0037096784687010564,0.00013063734416770116,0.8551310458028792,0.10834731213101315,-0.007948132894627143,0.006593539491128394,-4.628454572601812e-05,0.00046580443348329776,,
all,m1,fear,comparative,0.0299041997641325,0.275966968917661,1.0090347220891247,-4.590526285757512e-05,0.008252571366815878,2.9383892353945947e-05,0.0018669870358494454,6.454402211809384e-05,9.85814236686546e-06,0.6489268710318534,0.004593344016947774,0.011911798716683982,-9.712006641487464e-05,0.00015588785112276654,0.00013801399313611643,1.0
all,m1,fear,single_ai,0.0299041997641325,0.18484956641111544,0.6758766514828305,-6.253449905930652e-05,0.0055277783602712734,4.3794382051720136e-05,0.0018087085249740545,6.982175767953147e-05,0.0022416028573459313,0.5305077206915172,0.0019827747927915616,0.009072781927750986,-9.305374833744448e-05,0.00018064251244088477,,
all,m1,fear,single_control,0.0299041997641325,-0.09111740250654563,-0.33315807060629454,-1.6629236201731435e-05,-0.002724793006544608,1.4410489697774053e-05,0.0017822233387970413,7.142477619325298e-05,0.1262959497792571,0.8401062490308893,-0.006217886562993536,0.00076830054990432,-0.00012557949924483567,0.00015440047864038377,,
all,m1,joy,comparative,0.05405054986476898,0.00043111391573173356,0.0018349157097645623,-0.00013406228090032552,2.3301944199653877e-05,-0.0001356487783379585,0.003433503114729005,8.691783302750263e-05,0.9945850875413518,0.1186050991409291,-0.006706240501475293,0.006752844389874601,-0.00030600460068612965,3.470704401021266e-05,1.0,1.0
all,m1,joy,single_ai,0.05405054986476898,-0.019345890108105078,-0.08234036616166669,-0.00012104045964718988,-0.0010456559979664746,-5.2541142999294884e-05,0.003012334431289665,8.466031522469325e-05,0.7284975601021236,0.534855444038447,-0.006949722992684164,0.004858410996751215,-0.00021847231175950167,0.0001133900257609119,,
all,m1,joy,single_control,0.05405054986476898,-0.0197770040238368,-0.0841752818714312,1.3021821253135651e-05,-0.0010689579421661278,8.31076353386635e-05,0.003180423947136177,9.645844972919157e-05,0.7367913202524705,0.38891317788790414,-0.007302474334121756,0.0051645584497895,-0.00010594745213511931,0.00027216272281244634,,
all,m1,neutral,comparative,0.6409575343132019,-0.00976303913444855,-0.25943186258034884,-0.0002380725809801599,-0.00625769349101944,0.0002614552346978494,0.008570653713857904,0.0002925234301527227,0.4653105758513163,0.3714329469791666,-0.023055866094145394,0.010540479112106512,-0.00031188015303560513,0.000834790622431304,1.0,1.0
all,m1,neutral,single_ai,0.6409575343132019,-0.0009240652389440086,-0.024555055324843793,-0.000177431215864805,-0.0005922865770980916,-0.00034005296170187333,0.006396271666652191,0.00016671554959231207,0.9262223596795757,0.04137826903816182,-0.013128748679070372,0.01194417552487419,-0.0006668094345656064,-1.3296488838140366e-05,,
all,m1,neutral,single_control,0.6409575343132019,0.008838973895504589,0.23487680725550625,6.0641365115354384e-05,0.005665406913921378,-0.0006015081963997241,0.007767908429053163,0.000279871491669509,0.46579681338361967,0.03161617501324551,-0.009559413842227932,0.020890227670070687,-0.0011500462403714635,-5.297015242798479e-05,,
all,m1,sadness,comparative,0.028607672080397606,-0.0975110566558973,-0.4395385125308961,3.798196487512503e-05,-0.002789564333024982,9.503584421715362e-05,0.002176013879540285,7.118967773388592e-05,0.19985642365929424,0.1818872682205641,-0.00705447316678322,0.001475344500733256,-4.449336021227579e-05,0.00023456504864658302,1.0,1.0
all,m1,sadness,single_ai,0.028607672080397606,-0.049326461088530206,-0.22234277915554176,3.052414645214594e-05,-0.0014111152237071645,0.00010659663701187845,0.0012171200625759675,4.006745251882611e-05,0.2462977885597356,0.007804103813194524,-0.0037966267112171975,0.0009743962638028686,2.8065873122710603e-05,0.0001851274009010463,,
all,m1,sadness,single_control,0.028607672080397606,0.048184595567367164,0.2171957333753547,-7.4578184229791405e-06,0.00137844910931782,1.1560792794724664e-05,0.0019084851201096576,5.705734982785118e-05,0.47012605808435803,0.8394343502283812,-0.002362112991127708,0.005119011209763348,-0.00010026955792116631,0.00012339114351061565,,
all,m1,surprise,comparative,0.12218408286571503,-0.024536959296383953,-0.24119961387175776,-4.868269392183879e-05,-0.0029980258679420534,-0.00010974373021273508,0.004255057789026449,0.0001382971885146895,0.4810720506485803,0.42746588805686314,-0.011337785886570525,0.005341734150686419,-0.0003808012388646729,0.0001613137784392027,1.0,1.0
all,m1,surprise,single_ai,0.12218408286571503,-0.0019620143314442316,-0.01928670514707767,-6.929171143343542e-05,-0.0002397269216569025,-8.994565248038254e-05,0.003126975020275561,9.485323425693676e-05,0.9388907146400968,0.34299644044203426,-0.0063684853419534075,0.005889031498639602,-0.00027585457544111947,9.596327048035438e-05,,
all,m1,surprise,single_control,0.12218408286571503,0.022574944964939742,0.2219129087246803,-2.0609017511596586e-05,0.0027582989462851537,1.979807773235236e-05,0.003161655305428679,0.00011000249836289622,0.3829779785247598,0.8571694964659763,-0.0034384315838850415,0.008955029476455349,-0.00019580285726835048,0.0002353990127330552,,
all,m2,anger,comparative,0.08274061977863312,0.028541644405012157,0.20883125169564465,0.0001338427220987445,0.002361553347572062,7.815330001918259e-05,0.003129969692841443,0.00012447602439499397,0.4505507302178713,0.5300967968753056,-0.003773074523099062,0.008496181218243186,-0.00016581522473373475,0.00032212182477209993,,
all,m2,anger,single_ai,0.08274061977863312,0.004939498995676817,0.036140936498929445,0.0001385654714938851,0.0004086972082982356,0.00015314666169242525,0.0025047627021736528,6.821283954395372e-05,0.8703861332460103,0.024759817147864644,-0.00450054747778135,0.0053179418943778214,1.945195290306635e-05,0.00028684137048178417,,
all,m2,anger,single_control,0.08274061977863312,-0.023602145409335282,-0.1726903151967148,4.722749395140572e-06,-0.0019528561392738219,7.499336167324252e-05,0.0019676541765017304,9.901002170960501e-05,0.32096374761317814,0.44879107315878886,-0.005809387459247032,0.0019036751806993887,-0.00011906271498611217,0.0002690494383325972,,
all,m2,disgust,comparative,0.0036910283379256725,0.26788936946172925,0.724493020851973,4.618189070521893e-06,0.000988787254112283,-2.757960595337983e-05,0.0005403307643421174,1.770261343900077e-05,0.06725493271019581,0.11924752052532146,-7.024158373726639e-05,0.0020478160919618323,-6.227609072605609e-05,7.1168788192964225e-06,,
all,m2,disgust,single_ai,0.0036910283379256725,0.14860761745394307,0.40190165778938336,7.968659945899295e-06,0.0005485149272541216,-1.941359642446814e-06,0.00034668801480172576,1.004559689716519e-05,0.11361369587643391,0.8467594371313526,-0.00013098109562895003,0.0012280109501371932,-2.1630367764097903e-05,1.7747648479204272e-05,,
all,m2,disgust,single_control,0.0036910283379256725,-0.1192817509075284,-0.322591360086999,3.350470862340972e-06,-0.00044027232279707863,2.5638246534930468e-05,0.00032402017707844414,1.2914560559980341e-05,0.17421613021710225,0.04711997753042233,-0.00107534020013512,0.00019479555454096268,3.26172961207568e-07,5.095032010865337e-05,,
all,m2,fear,comparative,0.005114835686981678,0.379080880017555,0.8133229005248729,-3.3627625604076875e-06,0.00193893641336621,-4.4365523591923697e-05,0.0006141926749073938,2.128972926153322e-05,0.0015946353622339955,0.03716987638901665,0.0007351408909794003,0.0031427319357530195,-8.609262618513733e-05,-2.638420998710066e-06,,
all,m2,fear,single_ai,0.005114835686981678,0.26024614584772743,0.5583614509428456,-3.229112419495735e-06,0.0013311162741813948,-4.591645215018172e-05,0.00044496574827355685,1.6605354350560787e-05,0.0027760800807579834,0.005689498129096269,0.00045899943321130773,0.002203233115151482,-7.846234862780636e-05,-1.3370555672557083e-05,,
all,m2,fear,single_control,0.005114835686981678,-0.11883473454704231,-0.2549614503913463,1.3365023216697193e-07,-0.0006078201411142065,-1.5509286495130183e-06,0.000394980313395881,1.4525512240213155e-05,0.12383802318202501,0.9149692791891246,-0.0013819673299724766,0.00016632704774406366,-3.002040949732652e-05,2.6918552198300485e-05,,
all,m2,joy,comparative,0.22867175936698914,0.019082384083846944,0.2007869837756443,-0.00020918569862341888,0.004363602341369912,-0.000180858766358055,0.006137570372962754,0.00017859949920074705,0.47710545829194306,0.31122741242668095,-0.007665814542217152,0.016393019224956975,-0.0005309073524484094,0.0001691898197322994,,
all,m2,joy,single_ai,0.22867175936698914,-0.01493989966587821,-0.15719929850702938,-0.00025560630283089753,-0.0034163331413626635,5.320546401698165e-05,0.0051150508334435185,0.0001623241233849391,0.5041985893491303,0.7430833075037901,-0.013441648554003547,0.00660898227127822,-0.00026494397163953496,0.00037135489967349825,,
all,m2,joy,single_control,0.22867175936698914,-0.034022283749725185,-0.35798628228267404,-4.642060420747873e-05,-0.007779935482732583,0.00023406423037503724,0.004614587993070751,0.00013528965690687755,0.09180664681809135,0.08361294505713947,-0.016824361752642222,0.001264490787177058,-3.1098624643223315e-05,0.0004992270853932978,,
all,m2,neutral,comparative,0.4617565870285034,-0.006432277931851209,-0.1318445851850425,-1.71896074413591e-05,-0.0029701467046303748,0.000366813320283754,0.006071207733020311,0.00018518160636833085,0.6246870642131033,0.04761031768094183,-0.01486949520401125,0.008929201794750501,3.8640412025524535e-06,0.0007297625993649556,,
all,m2,neutral,single_ai,0.4617565870285034,0.018791677822237066,0.38517940201796613,0.00012517824210018553,0.008677181015735407,-5.889389416594181e-05,0.005495496990933102,0.00014893126687413796,0.11434476942878298,0.6925156471628683,-0.0020937951636417138,0.019448157195112527,-0.0003507938134111754,0.00023300602507929176,,
all,m2,neutral,single_control,0.4617565870285034,0.025223955754088322,0.5170239872030097,0.00014236784954154425,0.011647327720365804,-0.000425707214449693,0.004592241815837622,0.0001396408564884242,0.011202898692692694,0.002299207954230703,0.002646699153025246,0.02064795628770636,-0.0006993982639373307,-0.0001520161649620553,,
all,m2,sadness,comparative,0.031024212017655373,-0.0054621899275900795,-0.0286550558233716,5.140506119069955e-05,-0.00016946013839425628,-1.010367112737232e-05,0.002030866663423084,5.6787703976004705e-05,0.9334998736278347,0.8587857644926136,-0.004149885656106528,0.003810965379318016,-0.00012140552568506357,0.00010119818343031892,,
all,m2,sadness,single_ai,0.031024212017655373,-0.0032718065963555205,-0.017164141471588682,3.0087870634333404e-05,-0.00010150522152609705,6.0637973339485944e-05,0.0011707310756517001,3.0682963875439095e-05,0.9309080499996396,0.0481236435136115,-0.0023960959653852665,0.0021930855223330726,5.004692046817999e-07,0.00012077547747429008,,
all,m2,sadness,single_control,0.031024212017655373,0.002190383331234483,0.011490914351782518,-2.1317190556366154e-05,6.795491686815686e-05,7.074164446685836e-05,0.0013318654445334114,3.8231380447482336e-05,0.9593077038342577,0.06426233063549071,-0.0025424533866707584,0.002678363220407072,-4.19048428945584e-06,0.00014567377322317256,,
all,m2,surprise,comparative,0.17402105033397675,-0.056620096411547825,-0.7502557810448127,6.584962631793707e-05,-0.00985308864754858,-0.00012299233688485456,0.005363885679365869,0.00017144159979691468,0.06622006120709072,0.47312684039081476,-0.020366111396295843,0.0006599341011986823,-0.0004590116979387368,0.00021302702416902767,,
all,m2,surprise,single_ai,0.17402105033397675,-0.048574731875114595,-0.6436490877216824,-1.764796102734237e-05,-0.008453025860598741,-0.00013953418576916264,0.0031091462224461545,0.00011917749654300464,0.006552691265465056,0.2416752213046861,-0.014546840479261964,-0.0023592112419355184,-0.0003731177867610985,9.404941522277326e-05,,
all,m2,surprise,single_control,0.17402105033397675,0.008045364536433227,0.10660669332313029,-8.349758734527955e-05,0.001400062786949838,-1.6541848884308295e-05,0.004046750919713136,0.00012910208501152622,0.7293637059873284,0.8980461029227478,-0.0065314232700922495,0.009331548843991925,-0.000269577285835928,0.00023649358806731143,,
all,m3,anger,comparative,0.008889880492447726,0.024302988506346435,0.12050853258903212,1.8599159027288628e-05,0.00021605066343075046,1.1365041346754051e-05,0.0006252704288381727,2.136998455660936e-05,0.7296947920657004,0.5948488490751636,-0.0010094568576899828,0.0014415581845514836,-3.0519358734377446e-05,5.3249441427885555e-05,,
all,m3,anger,single_ai,0.008889880492447726,-0.016351786692601997,-0.08108179037404183,1.6458380118354508e-05,-0.0001453654295352288,2.196583920869161e-05,0.00044066862577985986,1.4246129624148558e-05,0.7414946429716331,0.12310246918119447,-0.0010090600651805129,0.0007183292061100553,-5.956061773728699e-06,4.988774019111192e-05,,
all,m3,anger,single_control,0.008889880492447726,-0.04065477519894811,-0.20159032296307233,-2.1407789089340576e-06,-0.0003614160929659764,1.060079786193771e-05,0.0004199932748200003,1.4957247094974557e-05,0.38949789806644886,0.47848589742134984,-0.0011845877853622101,0.0004617555994302574,-1.8714867752078767e-05,3.991646347595419e-05,,
all,m3,disgust,comparative,0.005903335405925399,0.1956700855010135,0.9817540753963127,2.7485597547650107e-06,0.001155106143618583,-1.2572943554845463e-05,0.00033818192191940877,1.1254223790249011e-05,0.0006363338544179594,0.2639192762448024,0.0004922817564340053,0.001817930530803161,-3.4630816857687386e-05,9.48492974799646e-06,,
all,m3,disgust,single_ai,0.005903335405925399,0.08722337425355095,0.4376341070428873,5.1173442725498495e-06,0.0005149088334552692,1.3895518596584514e-05,0.0003359557195615479,9.970185523150114e-06,0.12535749211755692,0.1634060639173357,-0.00014355227728560325,0.0011733699441961417,-5.645685947972347e-06,3.343672314114138e-05,,
all,m3,disgust,single_control,0.005903335405925399,-0.10844671124746239,-0.5441199683534245,2.3687845177849032e-06,-0.0006401973101633129,2.6468462151430123e-05,0.0002794708782789829,1.0161397689618917e-05,0.021978002099263632,0.00919264921919178,-0.0011879501663178966,-9.244445400872917e-05,6.55248864718853e-06,4.6384435655671716e-05,,
all,m3,fear,comparative,0.012620652088471133,-0.031249526558561284,-0.19660982443851133,8.05801600743951e-06,-0.0003943894026250406,3.22922371122204e-05,0.0004917141796144266,1.677830331684944e-05,0.4225122197696375,0.05427408761161965,-0.001358131485356976,0.0005693526801068948,-5.926331104934374e-07,6.517710733493424e-05,,
all,m3,fear,single_ai,0.012620652088471133,-0.041791881677035174,-0.26293820817025576,5.051370637200355e-06,-0.0005274407987684124,4.230960423218061e-05,0.0003876865165776575,1.5762104975348014e-05,0.1736772238625509,0.007269032683054304,-0.0012872924085524117,0.0002324108110155869,1.1416446159958906e-05,7.320276230440232e-05,,
all,m3,fear,single_control,0.012620652088471133,-0.010542355118474341,-0.0663283837317473,-3.0066453702392603e-06,-0.00013305139614337754,1.0017367119960246e-05,0.0003962997907866801,1.1913689311982134e-05,0.73707130782197,0.4004441310593746,-0.0009097847131660289,0.0006436819208792738,-1.333303485452451e-05,3.3367769094445005e-05,,
all,m3,joy,comparative,0.014790356452545545,0.05100656949396651,0.40774929724168785,-5.155997853386958e-06,0.0007544053442373003,-7.189881078356067e-06,0.0006022582792051736,1.9947157623315862e-05,0.21034126473140702,0.718513335902685,-0.00042599919239590795,0.0019348098808705085,-4.628559161399874e-05,3.19058294572866e-05,,
all,m3,joy,single_ai,0.014790356452545545,0.01632622748684508,0.13051275258094855,-7.020795847304566e-07,0.00024147072405578557,-1.7746962344438763e-05,0.0005228153457224734,1.6135694953197054e-05,0.6441772917465876,0.2713942893718573,-0.0007832285241251194,0.0012661699722366904,-4.9372343318229695e-05,1.3878418629352173e-05,,
all,m3,joy,single_control,0.014790356452545545,-0.034680342007121424,-0.27723654466073927,4.453918268656654e-06,-0.0005129346201815147,-1.0557081266082907e-05,0.0004638710194851038,1.1189564448729975e-05,0.26882611758971253,0.34543767936516045,-0.0014221051118441957,0.0003962358714811663,-3.248822458828344e-05,1.1374062056117626e-05,,
all,m3,sadness,comparative,0.01075316933292613,-0.0160222951349913,-0.09742094013550694,1.2145813696253306e-05,-0.00017229045268867996,2.6337394135014317e-05,0.00044232742341891604,1.1947806234827309e-05,0.6968997540519042,0.027498283678899855,-0.0010392362719641543,0.0006946553665867943,2.9201242204896846e-06,4.975466404953895e-05,,
all,m3,sadness,single_ai,0.01075316933292613,-0.03405431187215725,-0.2070616631576058,7.0996740073927135e-06,-0.00036619178207758355,2.7797097002946198e-05,0.0003159195793396785,9.034743559638303e-06,0.24640330217458173,0.0020931349259781574,-0.0009853827795943976,0.00025299921543923043,1.0089325016499917e-05,4.550486898939248e-05,,
all,m3,sadness,single_control,0.01075316933292613,-0.018032016737165934,-0.10964072302209875,-5.046139688860543e-06,-0.0001939013293889034,1.4597028679318473e-06,0.0003713003891071529,1.1392381915854026e-05,0.6015155870353908,0.8980463054130903,-0.0009216367194846313,0.0005338340607068244,-2.0868955385267464e-05,2.3788361121131157e-05,,
all,m3,surprise,comparative,0.008391721668591878,0.01646717595203927,0.13707257920133556,1.3315668460019989e-06,0.00013818795725724302,9.212441512992594e-07,0.0003236703648147827,1.1578846922865602e-05,0.6694227336456675,0.9365850740877674,-0.0004961943006426714,0.0007725702151571574,-2.177287880001975e-05,2.361536710261827e-05,,
all,m3,surprise,single_ai,0.008391721668591878,-0.06341121096461613,-0.527834175241417,5.3056059203266455e-06,-0.0005321292330834201,6.985995185689836e-06,0.0002430018081014166,8.966609873259787e-06,0.0285375881553105,0.4359136214107654,-0.00100840402514031,-5.5854441026530004e-05,-1.0588237229320607e-05,2.456022760070028e-05,,
all,m3,surprise,single_control,0.008391721668591878,-0.07987838691665503,-0.6649067544427494,3.974039074324731e-06,-0.0006703171903406599,6.064751034390616e-06,0.00024351021005343784,6.631216416192879e-06,0.005910111271085785,0.3604142906502855,-0.0011475884319131816,-0.00019304594876813836,-6.932194315038197e-06,1.906169638381943e-05,,
