instrument,emotion,placebo_t0,window_end,b2_level,p_b2
m1,anger,24,94,0.0065447551339551605,0.06774702963100056
m1,anger,25,94,0.009056738079403735,0.001511555320544316
m1,anger,26,94,0.007338638768978887,0.031615678130439626
m1,anger,27,94,0.007342616954084123,0.031184637426594778
m1,anger,28,94,0.00635311382886666,0.08449879579406692
m1,anger,29,94,0.003472786833746558,0.48668446478799343
m1,anger,30,94,0.005733679259595234,0.14341108326051005
m1,anger,31,94,0.004142507208538962,0.321786238063813
m1,anger,32,94,0.0064768493152855405,0.08461452502093354
m1,anger,33,94,0.005771895440117426,0.09447043763409323
m1,anger,34,94,0.005342506569370032,0.09788737744167728
m1,anger,35,94,0.0031692452299374335,0.33581709648344593
m1,anger,36,94,0.0033394239663492534,0.29508801823791453
m1,anger,37,94,0.0016537879126574799,0.6136559704076063
m1,anger,38,94,-0.0009583937267429197,0.8074883763169107
m1,anger,39,94,7.433428263702007e-05,0.983583884766094
m1,anger,40,94,0.00010945052187610965,0.9751421527420645
m1,anger,41,94,-0.0018968110923218093,0.6163118522125148
m1,anger,42,94,-0.0010882208704792102,0.7580030057162831
m1,anger,43,94,-0.0015454547936605983,0.6750938802653679
m1,anger,44,94,0.0023846118424632784,0.4718299532767204
m1,anger,45,94,0.002917016229315028,0.3765706459171331
m1,anger,46,94,0.0048802450735147326,0.21017834966033522
m1,anger,47,94,0.0035188059808853667,0.288527414031298
m1,anger,48,94,0.0030669125279160683,0.33862767105460734
m1,anger,49,94,0.0030204490417291975,0.342738795040174
m1,anger,50,94,0.0029983970903820246,0.3454814150714094
m1,anger,51,94,0.0010226483354859595,0.7627442194867591
m1,anger,52,94,0.0009341079322049747,0.784843838358056
m1,anger,53,94,0.0021596999693398585,0.4943327400661377
m1,anger,54,94,0.00014190854222929225,0.9706430114814195
m1,anger,55,94,0.0018943302555917859,0.545442209324734
m1,anger,56,94,0.0038957907359574505,0.14585315454517303
m1,anger,57,94,0.006108364704741383,0.04467257892819236
m1,anger,58,94,0.003412932660203175,0.2510629521379839
m1,anger,59,94,0.005615921614339472,0.04150100469154666
m1,anger,60,94,0.006124142185454891,0.032299317421151046
m1,anger,61,94,0.0038539891828784025,0.24417231732123257
m1,anger,62,94,0.0047032181936547054,0.11627713784614543
m1,anger,63,94,0.003760950226594751,0.27167631546406357
m1,anger,64,94,0.005143859539575844,0.06964705116591113
m1,anger,65,94,0.006270388837686494,0.016568193535849318
m1,anger,66,94,0.00648326802962549,0.014452776054403753
m1,anger,67,94,0.003956202804256824,0.2361482846423114
m1,anger,68,94,0.004742787885619079,0.14283713772821852
m1,anger,69,94,0.004535691355635556,0.18023805619423572
m1,anger,70,94,0.005414296668067368,0.15426480983113947
m1,anger,71,94,0.004493415295068321,0.23873899843678226
m1,anger,72,94,-0.0029399749520838347,0.46998094241483723
m1,anger,73,94,-0.0003142569363602604,0.9114117906182981
m1,anger,74,94,-0.00031993490955590186,0.9134675341594372
m1,anger,75,94,7.946084048527185e-05,0.9789862567004494
m1,anger,76,94,-0.0010220486200169547,0.7641119168535908
m1,anger,77,94,0.0009579016448137917,0.8107179569485877
m1,disgust,24,94,0.003437953242991436,0.46461941258933825
m1,disgust,25,94,0.004054323342109724,0.3490764882954843
m1,disgust,26,94,0.0025782806982914876,0.5916593704573333
m1,disgust,27,94,0.006602503725600962,0.11662279518840334
m1,disgust,28,94,0.006675963840714913,0.09607297386308537
m1,disgust,29,94,0.004275397581473486,0.29617363785501505
m1,disgust,30,94,0.0071007246719148685,0.07259999699011441
m1,disgust,31,94,0.0036618773363271766,0.4066689934228066
m1,disgust,32,94,0.005630146064359219,0.1577280497415694
m1,disgust,33,94,0.0037306440392184804,0.37584287694160456
m1,disgust,34,94,0.0042006401729259586,0.324431382134288
m1,disgust,35,94,0.003399664321859158,0.4167849326183546
m1,disgust,36,94,0.002482282168579937,0.5384252949046111
m1,disgust,37,94,-0.0010205082331507622,0.793938189139126
m1,disgust,38,94,-0.006924402948630753,0.2635381962560408
m1,disgust,39,94,-0.005368488527804258,0.31717447847193625
m1,disgust,40,94,-0.004028921038262197,0.4303343030305211
m1,disgust,41,94,-0.0037668425477371194,0.45801011562088245
m1,disgust,42,94,-0.0031706715762046577,0.5354746326686048
m1,disgust,43,94,-0.005541212869792605,0.30170653111497414
m1,disgust,44,94,-0.00015019676075073862,0.9760846310015365
m1,disgust,45,94,-0.0006102368290925116,0.9013313059376503
m1,disgust,46,94,0.0025938453319703176,0.6158181499478055
m1,disgust,47,94,0.0031172244372639217,0.5482314626760132
m1,disgust,48,94,0.002864363791539954,0.5736455211844742
m1,disgust,49,94,0.004880284055288988,0.38060268872773084
m1,disgust,50,94,0.002953952598619382,0.5502166999370179
m1,disgust,51,94,0.0013730093982874186,0.7674718492900106
m1,disgust,52,94,-0.0008405687142636994,0.8499747387368822
m1,disgust,53,94,-0.0025746373876963918,0.5715013740098301
m1,disgust,54,94,-0.004595312247082408,0.36040502543432296
m1,disgust,55,94,-0.003971158291471801,0.4044400059973512
m1,disgust,56,94,-0.003310234788302832,0.46646666473048926
m1,disgust,57,94,-0.001385372029899319,0.7408611262738138
m1,disgust,58,94,-0.0014464107532147887,0.7303580093755788
m1,disgust,59,94,0.0033420328744547517,0.446595506152888
m1,disgust,60,94,0.0037750795679024037,0.39567246135859246
m1,disgust,61,94,0.0005923277935425555,0.8861231622027987
m1,disgust,62,94,0.0018275203683389802,0.6287137476749157
m1,disgust,63,94,0.004328158290182184,0.260448337670265
m1,disgust,64,94,0.0022925518039319283,0.5110893144207072
m1,disgust,65,94,0.0008570781882545681,0.8120417865189714
m1,disgust,66,94,0.0026928005731213156,0.43795374318842006
m1,disgust,67,94,0.0003775188403317968,0.9140440530105898
m1,disgust,68,94,-0.0006182496237212618,0.8688997222981657
m1,disgust,69,94,0.001343850193992573,0.7178405613585568
m1,disgust,70,94,0.0014397976650356737,0.7098235873724885
m1,disgust,71,94,-0.0007683953928675702,0.8205980816949787
m1,disgust,72,94,-0.0027694651962716626,0.4162472351528549
m1,disgust,73,94,-0.002217665374328634,0.5281956072854981
m1,disgust,74,94,-0.0032863163298924797,0.41068881031147986
m1,disgust,75,94,-0.001462551678508094,0.7085074023706754
m1,disgust,76,94,-0.002315692191845499,0.5990165382118293
m1,disgust,77,94,-0.0018009144584783705,0.7133116488462266
m1,fear,24,94,7.921463431029415e-05,0.9855230178964036
m1,fear,25,94,0.0011271586725244735,0.7617314816146878
m1,fear,26,94,0.002426770567575977,0.4587617498519264
m1,fear,27,94,0.004971586804661614,0.15268916155709067
m1,fear,28,94,0.006955161621586689,0.07657949240668158
m1,fear,29,94,0.0037943745713071484,0.2650052884349172
m1,fear,30,94,0.006198174615959755,0.058337341079491054
m1,fear,31,94,0.005215296788007096,0.08990803421550096
m1,fear,32,94,0.004551682222609045,0.12932430757415908
m1,fear,33,94,0.001327204302047867,0.6917108421587365
m1,fear,34,94,0.00036177739564250663,0.9141327997084813
m1,fear,35,94,-0.001536174746739245,0.6672934541845273
m1,fear,36,94,-0.003193251607513156,0.39178957472182074
m1,fear,37,94,-0.005811445839149076,0.17961644081332495
m1,fear,38,94,-0.00524736586001585,0.19108254462574337
m1,fear,39,94,-0.004351697334093595,0.2721922480863962
m1,fear,40,94,-0.004439852330517343,0.24886066472981005
m1,fear,41,94,-0.004328656309833641,0.25754449902477605
m1,fear,42,94,-0.005013020334325829,0.14805303552414953
m1,fear,43,94,-0.006255585545294838,0.041232643059699585
m1,fear,44,94,-0.007186000434998997,0.01459213479393003
m1,fear,45,94,-0.006616982416522625,0.023696025430930183
m1,fear,46,94,-0.006518288152796459,0.02532977576468105
m1,fear,47,94,-0.006270620909024368,0.034828641979230135
m1,fear,48,94,-0.005856766117776323,0.060424777119997365
m1,fear,49,94,-0.0055110530440911545,0.08792614310844564
m1,fear,50,94,-0.007243409006186374,0.0062878881425394535
m1,fear,51,94,-0.007857187892610801,0.0027036098416054807
m1,fear,52,94,-0.006653847754210168,0.010744981233737395
m1,fear,53,94,-0.004679886638145695,0.1473477551576257
m1,fear,54,94,-0.005034824374593601,0.09009420497645547
m1,fear,55,94,-0.005836963301915037,0.024296424061051564
m1,fear,56,94,-0.005232236047761958,0.049684925339368045
m1,fear,57,94,-0.004690329652424688,0.08634141096169916
m1,fear,58,94,-0.006166526848304939,0.0328960666872945
m1,fear,59,94,-0.0035592927515595237,0.1351089349924475
m1,fear,60,94,-0.0029413550523883195,0.2213670258481516
m1,fear,61,94,-0.002557651142618356,0.2936097038550709
m1,fear,62,94,-0.0014326552431418067,0.5692183979931404
m1,fear,63,94,0.0016955275042856099,0.6682012773829101
m1,fear,64,94,-0.00039765218787107,0.8853865495550115
m1,fear,65,94,-0.0018011540092155768,0.4393669671695114
m1,fear,66,94,-0.0018495239024568146,0.4196952682274564
m1,fear,67,94,-0.0032761283004846447,0.21996571854084135
m1,fear,68,94,-0.002214766443664514,0.34596581773564783
m1,fear,69,94,-0.0004910914235550381,0.8258981396913502
m1,fear,70,94,-0.0006084300838927029,0.7836057073364806
m1,fear,71,94,0.0001455487507020048,0.9519029798926922
m1,fear,72,94,0.0004974121573597415,0.8475134591428264
m1,fear,73,94,-0.0004774450136822822,0.8418408609441936
m1,fear,74,94,-0.0015878404875315048,0.5643440341405515
m1,fear,75,94,-0.0002871970063317529,0.9110915666744077
m1,fear,76,94,-9.153274329085469e-05,0.9743773714263629
m1,fear,77,94,0.00084605682583268,0.7692649701478989
m1,joy,24,94,-0.003909873250593597,0.6162540250795595
m1,joy,25,94,-0.007228579581930672,0.3056555097824579
m1,joy,26,94,-0.006290405382548947,0.31669010912131523
m1,joy,27,94,-0.005349294429501912,0.3503999482293245
m1,joy,28,94,-0.005225980332600469,0.32712114668219705
m1,joy,29,94,-0.0010541474330214517,0.8477503019088803
m1,joy,30,94,-0.0010915447061225986,0.8351047612507914
m1,joy,31,94,-0.00019939718889326906,0.9689254971909431
m1,joy,32,94,0.00022406417361345464,0.9636534052757704
m1,joy,33,94,0.0026367603286791513,0.5947912395117358
m1,joy,34,94,0.0005009837686251843,0.9175880096960889
m1,joy,35,94,0.0038806738855459376,0.431350866747954
m1,joy,36,94,0.003795843818524388,0.43109423714806294
m1,joy,37,94,0.00139789761206041,0.7636317781341426
m1,joy,38,94,0.00012993464362333343,0.9780903091072446
m1,joy,39,94,-0.0011577572808580245,0.8140020050373826
m1,joy,40,94,0.0013192464789184006,0.7583571125191289
m1,joy,41,94,0.000305623263865588,0.9421451054891041
m1,joy,42,94,-0.0019037226941060823,0.6652280239919033
m1,joy,43,94,0.0003548162264433476,0.9338728864681136
m1,joy,44,94,0.0026690796388555526,0.6049703943781388
m1,joy,45,94,-1.1814302846174873e-05,0.9977807024532115
m1,joy,46,94,-0.0037120942587869753,0.42206333827997733
m1,joy,47,94,-0.002540958388324263,0.5402378773350998
m1,joy,48,94,-0.0028799565538684697,0.4912039436843455
m1,joy,49,94,-0.001449710389691828,0.7002367386603972
m1,joy,50,94,0.0008430686367914938,0.829379325162156
m1,joy,51,94,0.000521329542665137,0.8913659095701066
m1,joy,52,94,0.0016625549476254656,0.6689445657167012
m1,joy,53,94,0.0005925170908194419,0.8753892780686459
m1,joy,54,94,0.0015968452005343874,0.674024150498452
m1,joy,55,94,0.0024536426869973937,0.5360484876825583
m1,joy,56,94,0.002194615542148049,0.5799278045173502
m1,joy,57,94,-0.001301855703247358,0.769603908163385
m1,joy,58,94,-0.002076054831552233,0.6648279296591075
m1,joy,59,94,0.0008687877270823498,0.8240942820828396
m1,joy,60,94,0.003018213209453332,0.4999346131617979
m1,joy,61,94,0.0017561557978434815,0.6667220549956913
m1,joy,62,94,0.0006133656434790131,0.8697267918771535
m1,joy,63,94,-0.002215865575763288,0.5206742532724762
m1,joy,64,94,-0.0037328547400389466,0.3409770691071373
m1,joy,65,94,-0.0024844708423880425,0.4793403878218129
m1,joy,66,94,-0.0026573639467254323,0.4577438400508598
m1,joy,67,94,0.00043238315290136794,0.919784868621368
m1,joy,68,94,-7.007500323036168e-05,0.987063106477012
m1,joy,69,94,-0.002542530807437471,0.5300419794104567
m1,joy,70,94,-0.0032065343751798542,0.45205812104950305
m1,joy,71,94,-0.0032281272236500133,0.46975633790195603
m1,joy,72,94,0.002651745214547078,0.5174796015239326
m1,joy,73,94,-6.122947253578583e-05,0.9880636515530155
m1,joy,74,94,-0.0017580238013255541,0.719325773103358
m1,joy,75,94,0.0035027075861910287,0.30494535323195304
m1,joy,76,94,0.0040031513081569495,0.2815993143433231
m1,joy,77,94,0.0054883297441270205,0.21853214228686746
m1,neutral,24,94,-0.0015497898314529468,0.92293449466937
m1,neutral,25,94,0.000274835544332858,0.9859677728916555
m1,neutral,26,94,-0.0009935551085353115,0.9438708421150748
m1,neutral,27,94,-0.00854284523590367,0.4900677082178203
m1,neutral,28,94,-0.01147714342464548,0.34086831458663314
m1,neutral,29,94,-0.010004153934671217,0.3832613603929007
m1,neutral,30,94,-0.014672889567467874,0.1936638764509775
m1,neutral,31,94,-0.010876417390207211,0.3289641364253417
m1,neutral,32,94,-0.015786067565022772,0.14044926627719312
m1,neutral,33,94,-0.014922071173901583,0.15261533576456288
m1,neutral,34,94,-0.008627594424140508,0.3743267891717932
m1,neutral,35,94,-0.007289743173843362,0.44483431391768535
m1,neutral,36,94,-0.002041008851205542,0.8169986221447312
m1,neutral,37,94,0.01067842922642985,0.3475459965249702
m1,neutral,38,94,0.015907113303699382,0.20791826444328187
m1,neutral,39,94,0.015851691052107902,0.17885204978979052
m1,neutral,40,94,0.01518242583348677,0.17166155111497883
m1,neutral,41,94,0.015246413225824932,0.15212520946003014
m1,neutral,42,94,0.013550174539852463,0.19756635686131707
m1,neutral,43,94,0.014670960602737487,0.14398228710350988
m1,neutral,44,94,0.005484445611324498,0.6471347874816689
m1,neutral,45,94,0.007375093228889221,0.4974496670579778
m1,neutral,46,94,0.00554504682734956,0.6108785469768234
m1,neutral,47,94,0.005078391844278636,0.6319431546886636
m1,neutral,48,94,0.006085388785135644,0.5470806408774025
m1,neutral,49,94,0.004273085490798299,0.6669346698752792
m1,neutral,50,94,0.004774799346218642,0.6186571880483149
m1,neutral,51,94,0.005434777917283946,0.5595295030978897
m1,neutral,52,94,0.002424000746909611,0.8023190960846279
m1,neutral,53,94,0.006716206901910937,0.4501344714715958
m1,neutral,54,94,0.006811681140060893,0.4378658559582278
m1,neutral,55,94,0.004838089483011577,0.5897031949640663
m1,neutral,56,94,0.004322075463714804,0.6342267761195505
m1,neutral,57,94,0.00681756434813844,0.45684715778845786
m1,neutral,58,94,0.012753322759266114,0.2657934557159364
m1,neutral,59,94,0.00011361866269700584,0.9872208141026277
m1,neutral,60,94,-0.00491050501520159,0.5421545008323474
m1,neutral,61,94,-7.778641474381913e-05,0.9920465601964104
m1,neutral,62,94,-0.0024210776497045625,0.738736456059782
m1,neutral,63,94,-0.00883575352852569,0.21844568286835042
m1,neutral,64,94,-0.007374108839099143,0.30429336041402655
m1,neutral,65,94,-0.007971407734073314,0.2669326201833544
m1,neutral,66,94,-0.009276117849039527,0.20196311582519955
m1,neutral,67,94,-0.004231680989988133,0.6123308493406093
m1,neutral,68,94,-0.009440573167374724,0.23878608914034383
m1,neutral,69,94,-0.006193456295881364,0.4378197882660333
m1,neutral,70,94,-0.0080176687206427,0.37900692697295746
m1,neutral,71,94,-0.0035613219858734884,0.6748730725961736
m1,neutral,72,94,0.004014372116912496,0.6599531329512324
m1,neutral,73,94,0.002483765076598641,0.7865856591012774
m1,neutral,74,94,0.004485723035377131,0.6753348770732126
m1,neutral,75,94,-0.0035444731954749034,0.6185441911630669
m1,neutral,76,94,-0.004775206227051591,0.500320744113133
m1,neutral,77,94,-0.006599139307593142,0.35641045814919414
m1,sadness,24,94,-0.00012408819499764513,0.9617579916686086
m1,sadness,25,94,0.0011992482282596054,0.5706574429768178
m1,sadness,26,94,0.002232354591465769,0.27526276864392063
m1,sadness,27,94,0.00400615149464111,0.12424743896111322
m1,sadness,28,94,0.0031116668728372195,0.15386413185086542
m1,sadness,29,94,0.0026361152869047344,0.1964942092024602
m1,sadness,30,94,3.789829975221488e-05,0.9890762445607753
m1,sadness,31,94,0.0007853526983146634,0.7132616141988439
m1,sadness,32,94,-0.00014909957512914229,0.9474385668224862
m1,sadness,33,94,0.0006638098408107415,0.7363383554226528
m1,sadness,34,94,-0.00041868697966399265,0.8257965455797667
m1,sadness,35,94,-0.00024830346934145845,0.8906215017628749
m1,sadness,36,94,-7.324810156121518e-05,0.9675867694864302
m1,sadness,37,94,-0.0008916023619716465,0.5894014957551041
m1,sadness,38,94,-0.0007050060305523136,0.672470720219279
m1,sadness,39,94,-0.0011966805019027601,0.4448967747170325
m1,sadness,40,94,-0.0030443837127455786,0.0876334678499196
m1,sadness,41,94,-0.0017018275418108247,0.3143299242391441
m1,sadness,42,94,-0.0021378249502789224,0.18467846996743098
m1,sadness,43,94,-0.002827238664383105,0.06200277454422242
m1,sadness,44,94,-0.0018878681918848375,0.3180430424026567
m1,sadness,45,94,-0.0036006835046591187,0.020369759950082094
m1,sadness,46,94,-0.002858887867739271,0.06460158486174825
m1,sadness,47,94,-0.0030458666323382095,0.05043211022032838
m1,sadness,48,94,-0.002533853308343926,0.13301024191005548
m1,sadness,49,94,-0.002297390752259178,0.19853243551613686
m1,sadness,50,94,-0.002365221353568213,0.19291225988313876
m1,sadness,51,94,-0.0020649229458229433,0.25591935160488066
m1,sadness,52,94,-0.0014909368421448942,0.40079574377535787
m1,sadness,53,94,-0.0010745365740749487,0.5310723171190617
m1,sadness,54,94,0.00024302279263091348,0.8902530315322537
m1,sadness,55,94,0.00042039151178422155,0.816848822149751
m1,sadness,56,94,0.0008321147266920496,0.6643358676730529
m1,sadness,57,94,0.0010396941015197035,0.6086971918907158
m1,sadness,58,94,0.00016401075226893372,0.9313712479381567
m1,sadness,59,94,-0.00019515360714843393,0.919916879483001
m1,sadness,60,94,4.819302945198489e-05,0.9798381972073072
m1,sadness,61,94,-0.0012902841304241162,0.5838437809336297
m1,sadness,62,94,-0.0013924856823455175,0.5638186511169434
m1,sadness,63,94,0.0011310647816396785,0.6060774257508103
m1,sadness,64,94,0.0011134884093448926,0.6323897550006157
m1,sadness,65,94,0.0004724681764306453,0.8333007287606196
m1,sadness,66,94,-0.0005657275745952178,0.7918939979392327
m1,sadness,67,94,-0.0029939917327468524,0.27359121274438225
m1,sadness,68,94,-0.0012056956286945828,0.6244730337473452
m1,sadness,69,94,-0.0022948389006630177,0.3764680257331835
m1,sadness,70,94,-0.0005181911198277233,0.8778877268869881
m1,sadness,71,94,-0.0018953335439845114,0.519548451361625
m1,sadness,72,94,-0.0051214584866304865,0.005406055701891947
m1,sadness,73,94,-0.004039744663374633,0.056533534302499924
m1,sadness,74,94,-0.005499069429554826,0.00452327062158854
m1,sadness,75,94,-0.005083728864923246,0.011183675599808245
m1,sadness,76,94,-0.00438105166742676,0.03285975808242242
m1,sadness,77,94,-0.003600267380979041,0.08952292926956407
m1,surprise,24,94,-0.004478169693724674,0.4681928632846304
m1,surprise,25,94,-0.00848372784823597,0.21056930688078535
m1,surprise,26,94,-0.007292094768602988,0.21135917920343494
m1,surprise,27,94,-0.0090307291218494,0.10824443644126483
m1,surprise,28,94,-0.00639278091051999,0.22821083345409954
m1,surprise,29,94,-0.0031203646086200463,0.6033425298877583
m1,surprise,30,94,-0.003306030069609825,0.5535548578403191
m1,surprise,31,94,-0.0027292104359374,0.6127529217678334
m1,surprise,32,94,-0.0009475751677208447,0.8653963835061778
m1,surprise,33,94,0.0007917622155398779,0.8939698555858404
m1,surprise,34,94,-0.0013596090622172842,0.7928444216714889
m1,surprise,35,94,-0.0013753545682442933,0.7816331485333209
m1,surprise,36,94,-0.004310033066894276,0.37824970348611786
m1,surprise,37,94,-0.00600654714694869,0.24493760744251558
m1,surprise,38,94,-0.0022018817475045484,0.6342909568206283
m1,surprise,39,94,-0.003851405797188317,0.38142446974222866
m1,surprise,40,94,-0.00509796478710212,0.2592836664616446
m1,surprise,41,94,-0.0038578988194167066,0.36581931892958097
m1,surprise,42,94,-0.00023670196411292434,0.9593117436903935
m1,surprise,43,94,0.0011437196916087233,0.8192847328686117
m1,surprise,44,94,-0.0013140665157465765,0.768493872816703
m1,surprise,45,94,0.000547610528222599,0.9069261589862602
m1,surprise,46,94,7.013503474196799e-05,0.987871343454571
m1,surprise,47,94,0.00014302349140553182,0.9755236859495962
m1,surprise,48,94,-0.0007460791987518872,0.8766947187894751
m1,surprise,49,94,-0.0029156496588855748,0.5930538276516008
m1,surprise,50,94,-0.0019615676639160645,0.7089577465527447
m1,surprise,51,94,0.0015703640118533528,0.7601049788314862
m1,surprise,52,94,0.0039647068474571385,0.5165339475878953
m1,surprise,53,94,-0.0011393489215121852,0.8066632504018209
m1,surprise,54,94,0.0008366887794849985,0.8744738921406026
m1,surprise,55,94,0.00020167961143954303,0.9692797043328073
m1,surprise,56,94,-0.0027021033388552862,0.5408345390620162
m1,surprise,57,94,-0.006588048454433683,0.15484374099281087
m1,surprise,58,94,-0.006641257832223049,0.15447885534872965
m1,surprise,59,94,-0.006185887321736349,0.18139154347516395
m1,surprise,60,94,-0.005113743056781443,0.25633347758317326
m1,surprise,61,94,-0.002276722724312241,0.6002144236156114
m1,surprise,62,94,-0.0018978534899682935,0.6687626333710852
m1,surprise,63,94,0.0001359548979079744,0.9743989555365141
m1,surprise,64,94,0.0029547588896870485,0.448590751783424
m1,surprise,65,94,0.004657134741954533,0.22699519904407872
m1,surprise,66,94,0.0051726955954892965,0.1755165706846158
m1,surprise,67,94,0.005735727594488656,0.12840758624191306
m1,surprise,68,94,0.008806607434016313,0.043859562814099286
m1,surprise,69,94,0.0056424044462037954,0.1432186682409014
m1,surprise,70,94,0.005496743513076322,0.16409650774190565
m1,surprise,71,94,0.0048142354210337825,0.2493828369883513
m1,surprise,72,94,0.0036673931017261606,0.43817923594221697
m1,surprise,73,94,0.004626609078186604,0.2945909151150934
m1,surprise,74,94,0.007965492176729034,0.02839242934483806
m1,surprise,75,94,0.006795802404253025,0.07870921936257798
m1,surprise,76,94,0.00858239075070934,0.02944392827525146
m1,surprise,77,94,0.004708029670137076,0.31578369506774384
m2,anger,24,94,0.004108535090492188,0.10469890569688887
m2,anger,25,94,0.0067658113565303565,0.013136582155254168
m2,anger,26,94,0.0038939170354034317,0.15630671396562118
m2,anger,27,94,0.003856061633573619,0.15687832920652614
m2,anger,28,94,0.004386927448493974,0.08564456688109258
m2,anger,29,94,0.0003932805643842677,0.9257157074708212
m2,anger,30,94,0.0021112263231413317,0.5201718834582685
m2,anger,31,94,0.0031993314251765885,0.295329117904613
m2,anger,32,94,0.0028555531207809753,0.3264695388656218
m2,anger,33,94,0.0022801235897578183,0.42478929436862156
m2,anger,34,94,0.0032812133593460176,0.25338122562352594
m2,anger,35,94,0.001352851950092343,0.6539140607197675
m2,anger,36,94,0.002482355273167622,0.37235976119542147
m2,anger,37,94,0.0029694277581582646,0.28846885737729855
m2,anger,38,94,0.000598120985607525,0.8526310909972614
m2,anger,39,94,0.0021496314148906816,0.46067153433963204
m2,anger,40,94,0.0035542064122148637,0.2407513305219069
m2,anger,41,94,0.001119891715402668,0.7530993292164174
m2,anger,42,94,0.003091331349916835,0.29400711123741297
m2,anger,43,94,0.0014775316551162423,0.6880904433961834
m2,anger,44,94,0.006377041158075736,0.017886212042312454
m2,anger,45,94,0.006569432223296498,0.014207837667369997
m2,anger,46,94,0.006862599021652966,0.011384500507617213
m2,anger,47,94,0.006262337724980538,0.0266741527830943
m2,anger,48,94,0.0060801508024017886,0.037659530178487874
m2,anger,49,94,0.0067057929704570085,0.01573562788250416
m2,anger,50,94,0.007574233324008503,0.006868042304374311
m2,anger,51,94,0.0071616290849691655,0.013531932542622917
m2,anger,52,94,0.004249367188572241,0.27703705961478287
m2,anger,53,94,0.00527536067350065,0.1197497859893212
m2,anger,54,94,0.004252712105222756,0.2851801960225805
m2,anger,55,94,0.0061071757701677346,0.04982687811179641
m2,anger,56,94,0.007617100660419054,0.013002852256465773
m2,anger,57,94,0.008474209681454938,0.017051216569374705
m2,anger,58,94,0.0059176998106676825,0.04430050202795577
m2,anger,59,94,0.004897555105007675,0.10937567120914886
m2,anger,60,94,0.003089759389992388,0.37309478980108257
m2,anger,61,94,0.0009118013170151739,0.8384695325427884
m2,anger,62,94,0.0037030768720026923,0.2570393194445151
m2,anger,63,94,0.0035884497565706053,0.2854268765003056
m2,anger,64,94,0.002323335573111538,0.5226309281531241
m2,anger,65,94,0.003872408048689631,0.2634017101094571
m2,anger,66,94,0.006399255758619275,0.09508909612486603
m2,anger,67,94,0.0017665080308476744,0.7211254203909672
m2,anger,68,94,0.00200599444032479,0.6880506858452793
m2,anger,69,94,0.006372141013765612,0.051852185442897755
m2,anger,70,94,0.007946862185109592,0.025763620746933613
m2,anger,71,94,0.008348157617927475,0.04283317033103686
m2,anger,72,94,0.002388035242449002,0.453461691907839
m2,anger,73,94,0.004394443233318415,0.14586632231227142
m2,anger,74,94,0.002174977454341721,0.5313086958929101
m2,anger,75,94,0.0024006698456049886,0.4977829499084573
m2,anger,76,94,0.00020613886808094065,0.9645338475221337
m2,anger,77,94,0.0016502210867697438,0.6915084691399608
m2,disgust,24,94,-0.0009544463204425252,0.006777834417391277
m2,disgust,25,94,-0.0012532051571905306,0.002146668617834139
m2,disgust,26,94,-0.00105747475526274,0.002486971177677346
m2,disgust,27,94,-0.0007754406069661902,0.06691231213892714
m2,disgust,28,94,-0.0008540684840098338,0.0327807159998127
m2,disgust,29,94,-0.00043107325570780207,0.4470137093045179
m2,disgust,30,94,-0.00027947745136733964,0.6528966115664753
m2,disgust,31,94,-0.0004760759510489864,0.37552872056020603
m2,disgust,32,94,-0.00037320439656344037,0.4886896658148432
m2,disgust,33,94,-0.0004712186678606604,0.354564448100094
m2,disgust,34,94,-0.0005861900400882667,0.23394335278136957
m2,disgust,35,94,-0.0006035393886474259,0.21182817141552757
m2,disgust,36,94,-0.0006466872710007994,0.16818610670475675
m2,disgust,37,94,-0.0007978447353345999,0.06042888021175545
m2,disgust,38,94,-0.00100448652622715,0.009318141107255986
m2,disgust,39,94,-0.00106471545931619,0.003920065800915458
m2,disgust,40,94,-0.0012408002939812107,0.000739284556296579
m2,disgust,41,94,-0.0013072318682272172,0.00044425713990604534
m2,disgust,42,94,-0.0009208250900083647,0.037542279388743126
m2,disgust,43,94,-0.0011087262922711374,0.004213867201610487
m2,disgust,44,94,-0.0005425449005823811,0.37734171704048947
m2,disgust,45,94,-0.0009401698354039557,0.043590017981859575
m2,disgust,46,94,-0.0006816989385942433,0.16139787753180945
m2,disgust,47,94,-0.0004095120256311466,0.46827142158793233
m2,disgust,48,94,-0.0006404051124547593,0.21471578285547832
m2,disgust,49,94,-0.0002182820014385722,0.6931939077233977
m2,disgust,50,94,-0.00037803538053100995,0.4814026411014627
m2,disgust,51,94,-0.0005323732367412927,0.38291240733513665
m2,disgust,52,94,4.253206231851752e-05,0.9200524584941057
m2,disgust,53,94,0.0002479961080017506,0.5642176074554579
m2,disgust,54,94,0.00038110550676628276,0.3902642424284518
m2,disgust,55,94,0.0006742757469608171,0.19709378754703555
m2,disgust,56,94,0.0006108951625621055,0.23201239077421865
m2,disgust,57,94,0.0004010342568477264,0.4510172852287606
m2,disgust,58,94,0.00024258033529836925,0.686827741432809
m2,disgust,59,94,0.0004480279874602947,0.40516664247300715
m2,disgust,60,94,0.0006040843427286483,0.249421733492605
m2,disgust,61,94,0.0004080484382975514,0.48362297312259594
m2,disgust,62,94,0.00045067375773772615,0.4555514744595063
m2,disgust,63,94,0.0009924575686479165,0.19785610253479546
m2,disgust,64,94,0.00036424715324283996,0.5053918571997503
m2,disgust,65,94,0.00020987598536950327,0.7010853799981025
m2,disgust,66,94,7.097312464014174e-05,0.8967669646846548
m2,disgust,67,94,-0.00040783964843853936,0.46937997504760587
m2,disgust,68,94,-0.000394669912482146,0.501353798024991
m2,disgust,69,94,-0.0002418914272368865,0.6943496957311892
m2,disgust,70,94,-0.0001985664076469501,0.7624021877868637
m2,disgust,71,94,-0.0002925032570534646,0.6748434236834571
m2,disgust,72,94,-0.00017677943316706698,0.8136205559111966
m2,disgust,73,94,1.8592751347229805e-05,0.9811946861489846
m2,disgust,74,94,0.00011015974051809988,0.8970002039334883
m2,disgust,75,94,0.0004395428811172399,0.5775316575819188
m2,disgust,76,94,0.0011589627820802364,0.02704774309622697
m2,disgust,77,94,0.001393741593666329,0.004473867705060647
m2,fear,24,94,0.00015452696735196867,0.8837331011100313
m2,fear,25,94,0.0006949422942986058,0.42680352591070436
m2,fear,26,94,0.0005802770354684913,0.493922021405622
m2,fear,27,94,0.0014509987013506442,0.10413848595807733
m2,fear,28,94,0.00160989009573485,0.05785061001628284
m2,fear,29,94,0.0012802440117998394,0.10742734537387043
m2,fear,30,94,0.0019181920724492215,0.012643776043009624
m2,fear,31,94,0.0016681131288585737,0.018551705131403723
m2,fear,32,94,0.0013659314923262324,0.07232414348928647
m2,fear,33,94,0.0011715132819482704,0.13879461375524488
m2,fear,34,94,0.0008165567191829479,0.34314448299204015
m2,fear,35,94,0.0008021279865225871,0.33378937631470573
m2,fear,36,94,0.0007441490040144953,0.34879581812761984
m2,fear,37,94,-1.8379652640523117e-06,0.9983006218456912
m2,fear,38,94,-0.0002965925321671145,0.7477479203096701
m2,fear,39,94,-0.00022941691967394166,0.7910424545722248
m2,fear,40,94,-0.00041456232204443376,0.6329409277605604
m2,fear,41,94,-0.00015375039372372116,0.8532838235114806
m2,fear,42,94,-0.00012936104100661538,0.8728950889345566
m2,fear,43,94,-1.4858533652619625e-05,0.985457605251702
m2,fear,44,94,-0.00038831599432026254,0.5977720265377209
m2,fear,45,94,-0.00027755373818285164,0.7029808902314794
m2,fear,46,94,-0.00029790500877769385,0.6768739133755306
m2,fear,47,94,-0.00041806621210115693,0.5451222134495673
m2,fear,48,94,-0.0004715906546520498,0.4892460807535898
m2,fear,49,94,-0.0002685758594175915,0.7096489707815368
m2,fear,50,94,-0.0008080451381207756,0.2577885364045329
m2,fear,51,94,-0.0007360817693462745,0.2964484181298995
m2,fear,52,94,-0.00042754258457324625,0.5055467012981358
m2,fear,53,94,-0.0001872505679400439,0.767944926575203
m2,fear,54,94,-0.00026488911397762164,0.6828991443980346
m2,fear,55,94,0.0002622375023673129,0.7197011276363297
m2,fear,56,94,0.000602354272776552,0.49671685635062957
m2,fear,57,94,0.00012469766688232752,0.8645955656419174
m2,fear,58,94,-0.0003393868657609518,0.6766807884536619
m2,fear,59,94,-0.00010798160985575687,0.885834764795141
m2,fear,60,94,-0.00017379397213311635,0.8296461437935518
m2,fear,61,94,8.690381660441165e-05,0.9121285321239638
m2,fear,62,94,0.0003478703418493969,0.6822642764188722
m2,fear,63,94,0.0007186537095423131,0.49742005460782346
m2,fear,64,94,7.080390163797214e-05,0.9268894658392237
m2,fear,65,94,-0.0007207127276537331,0.3231693891173659
m2,fear,66,94,-0.0005002769289777657,0.49666987884383507
m2,fear,67,94,-0.0008493443305468277,0.2844007455162446
m2,fear,68,94,-0.0006254984529227295,0.445668219297053
m2,fear,69,94,-0.00039262780668400995,0.6674219787254527
m2,fear,70,94,-0.0008826522496597893,0.28102959416908
m2,fear,71,94,-0.0004281858184548517,0.6623053621474186
m2,fear,72,94,-0.0005722614657860968,0.567275196543505
m2,fear,73,94,-0.0005759944123201882,0.5946236395384319
m2,fear,74,94,-0.0009159601834246786,0.47314718172806824
m2,fear,75,94,-0.0005043949123814777,0.6902851736388602
m2,fear,76,94,0.0007738454181602906,0.3643780518997273
m2,fear,77,94,0.0014343191548700821,0.06853044876357775
m2,joy,24,94,-0.008192050336702552,0.3795812007213254
m2,joy,25,94,-0.014432909993278694,0.10205699394599126
m2,joy,26,94,-0.010759434908566791,0.16109302354672816
m2,joy,27,94,-0.016106036170488575,0.03802676168961237
m2,joy,28,94,-0.01355728167380517,0.042788551574743074
m2,joy,29,94,-0.006438238717318343,0.43657467586494336
m2,joy,30,94,-0.007952316341202028,0.28622188066119436
m2,joy,31,94,-0.009682937076190494,0.1670541420526218
m2,joy,32,94,-0.004589954720399003,0.5392008488780597
m2,joy,33,94,0.0004866406292393258,0.9576670631783029
m2,joy,34,94,-0.003848310391736465,0.6169231475702213
m2,joy,35,94,-0.0018530562705462107,0.8129728865328851
m2,joy,36,94,-0.0017070597956217225,0.824033931000773
m2,joy,37,94,-0.005605191683899902,0.4494007215769169
m2,joy,38,94,-0.007357281821708607,0.32429422393563745
m2,joy,39,94,-0.009164733624404299,0.23572325356177304
m2,joy,40,94,-0.005629536450713074,0.3911929026910792
m2,joy,41,94,-0.0011304611693665455,0.8733249244615122
m2,joy,42,94,-0.004755532475021792,0.4471545900670023
m2,joy,43,94,-0.0002263287787022654,0.9747622812379961
m2,joy,44,94,0.0014058424445928508,0.858255683668963
m2,joy,45,94,-0.0018648729989093706,0.7825093191509888
m2,joy,46,94,-0.005622694423056963,0.40419539670791826
m2,joy,47,94,-0.003956148225781955,0.5423651212437157
m2,joy,48,94,-0.007005127965875546,0.30802013266480077
m2,joy,49,94,-0.004978016221487156,0.44208092385167486
m2,joy,50,94,-0.003167313159328942,0.6290899269274358
m2,joy,51,94,-0.00407213080694331,0.5385840493035976
m2,joy,52,94,-0.002858154108765681,0.6613110104212236
m2,joy,53,94,-0.0024659381754214603,0.7078956020560309
m2,joy,54,94,0.0014460245622445653,0.8300260170396018
m2,joy,55,94,0.005337746383727387,0.4997106636903661
m2,joy,56,94,0.002736098146611281,0.7218836434403657
m2,joy,57,94,-0.0013662047773249058,0.8782324360659592
m2,joy,58,94,-0.0009538690021566943,0.9153031194380374
m2,joy,59,94,0.004906621226892076,0.5128300311658922
m2,joy,60,94,0.012300490836302452,0.23932547852270114
m2,joy,61,94,0.0050294547355492,0.45673431933264375
m2,joy,62,94,0.0009499129330249234,0.8642884673144828
m2,joy,63,94,-0.0011075762890080565,0.8376405326473302
m2,joy,64,94,-0.008094226415719719,0.25237383548577785
m2,joy,65,94,-0.0052776439623048906,0.38601307272591334
m2,joy,66,94,-0.005524271352192789,0.3693121661193717
m2,joy,67,94,-0.003329078008457965,0.6285132725992895
m2,joy,68,94,-0.0066092977386578156,0.28734945525509925
m2,joy,69,94,-0.006914381925997491,0.27295371890246034
m2,joy,70,94,-0.005220094595978376,0.44703183782460454
m2,joy,71,94,-0.01246971182410226,0.11533778058804842
m2,joy,72,94,0.0007070186302383227,0.9234116827844583
m2,joy,73,94,-0.007494672859182693,0.24787908041904927
m2,joy,74,94,-0.005498381797123517,0.3755507431036701
m2,joy,75,94,0.0006656223362937414,0.8982097902583982
m2,joy,76,94,0.002406890470730641,0.6721002252665489
m2,joy,77,94,0.004473872053294549,0.4964151032371835
m2,neutral,24,94,0.009663701778310857,0.4090602585131218
m2,neutral,25,94,0.017177587863305206,0.13648454525976877
m2,neutral,26,94,0.016058584694878326,0.1183377533482384
m2,neutral,27,94,0.019747303590965562,0.05408736983130142
m2,neutral,28,94,0.01825685388097592,0.05204212801963027
m2,neutral,29,94,0.0107962910878985,0.29952167133778274
m2,neutral,30,94,0.009531836612806615,0.3732187722035524
m2,neutral,31,94,0.008281951614888958,0.44566153213139936
m2,neutral,32,94,0.00609148939412433,0.5899240022698952
m2,neutral,33,94,0.0014178353586650166,0.9129973402589899
m2,neutral,34,94,0.005996724122433935,0.5915932060839539
m2,neutral,35,94,0.007433415357800627,0.4837289079349696
m2,neutral,36,94,0.011386126318316593,0.2328969400925902
m2,neutral,37,94,0.018965362352360408,0.04607333000921931
m2,neutral,38,94,0.023381595646773126,0.022405595949609846
m2,neutral,39,94,0.024034640809773522,0.014085284985825213
m2,neutral,40,94,0.019235569214844688,0.027030511128967226
m2,neutral,41,94,0.016673899889775506,0.05844869972405244
m2,neutral,42,94,0.011148193150146788,0.292451093455672
m2,neutral,43,94,0.012178653676112816,0.2158658399188742
m2,neutral,44,94,0.006430662996253895,0.5847895426938161
m2,neutral,45,94,0.0065076809207810764,0.5675338010741545
m2,neutral,46,94,0.008178530779508256,0.44219429880349126
m2,neutral,47,94,0.008573456131023996,0.40335464651481334
m2,neutral,48,94,0.013064386521248092,0.22099483820072552
m2,neutral,49,94,0.00642731408090038,0.47876944042282854
m2,neutral,50,94,0.0032761300615007684,0.7189656847235208
m2,neutral,51,94,0.004178894844284664,0.6392406975152882
m2,neutral,52,94,0.002307112307690983,0.7866424443213249
m2,neutral,53,94,0.00013499943983753064,0.9869188003454622
m2,neutral,54,94,-0.0021147463380417307,0.7958599422638709
m2,neutral,55,94,-0.009114589494609233,0.3834504077247962
m2,neutral,56,94,-0.005907590607385261,0.5226780163851794
m2,neutral,57,94,0.0010544990649199323,0.9057141259661947
m2,neutral,58,94,0.005227400713111449,0.6189781969536783
m2,neutral,59,94,6.797912294421965e-05,0.9932763221033076
m2,neutral,60,94,-0.005737053294447389,0.4537298729107856
m2,neutral,61,94,-0.00020796598022119407,0.9774378962910145
m2,neutral,62,94,-0.002450444812073809,0.7326612224100315
m2,neutral,63,94,-0.00444834746421424,0.556255808523496
m2,neutral,64,94,-0.0005060630720309155,0.9448603519891976
m2,neutral,65,94,-0.0009632782348122812,0.8975560762947647
m2,neutral,66,94,-0.0011718964425326064,0.8802575596605415
m2,neutral,67,94,0.002072796913480628,0.7839504870936911
m2,neutral,68,94,0.003280145023693445,0.6755604150830314
m2,neutral,69,94,0.004365453489775746,0.5924783062388979
m2,neutral,70,94,0.0008581102799981904,0.9287516410886489
m2,neutral,71,94,0.009244064571352151,0.29488825082549375
m2,neutral,72,94,0.0010112012341905391,0.9185962111108057
m2,neutral,73,94,0.0067225094121314945,0.5056705440556863
m2,neutral,74,94,0.009093859879916285,0.4429563184510187
m2,neutral,75,94,-0.0003594960416145865,0.9653304074764348
m2,neutral,76,94,-0.005909070403952358,0.3959469597644931
m2,neutral,77,94,-0.008623824327032056,0.1859007696027073
m2,sadness,24,94,-0.0002474947979855852,0.9232071102599013
m2,sadness,25,94,-0.0003352335294037744,0.8865141843532383
m2,sadness,26,94,0.00040350783692839334,0.8554854374446457
m2,sadness,27,94,0.0010765995818693393,0.6227076346127617
m2,sadness,28,94,0.0013459203625273738,0.5223089145809641
m2,sadness,29,94,0.002046494730909036,0.3382588367602225
m2,sadness,30,94,0.0011203989517711683,0.5785964873562373
m2,sadness,31,94,0.0006924312501376213,0.7290777979066534
m2,sadness,32,94,4.799631188198364e-05,0.9819122267354075
m2,sadness,33,94,0.00038317352060721267,0.8327854097340603
m2,sadness,34,94,0.0011559114750511938,0.4610142357101893
m2,sadness,35,94,0.0027893077651487863,0.18413965916909336
m2,sadness,36,94,0.0017725814453594007,0.30008362401746524
m2,sadness,37,94,0.0012682575281757315,0.44061120875930027
m2,sadness,38,94,0.0004214879051473353,0.8064667707681774
m2,sadness,39,94,0.00036283453756949226,0.8278493384404148
m2,sadness,40,94,-0.0006122181432081684,0.7537416930875692
m2,sadness,41,94,4.5380937687364044e-05,0.9793853031023957
m2,sadness,42,94,0.0004428875042962124,0.8084800264755199
m2,sadness,43,94,-0.0003678376525981447,0.8342972437196303
m2,sadness,44,94,0.000989906991392846,0.6561575296560116
m2,sadness,45,94,-0.0011134616743089267,0.556471848805139
m2,sadness,46,94,-0.000607882825466556,0.7405598809464085
m2,sadness,47,94,-0.0011014557399650047,0.5630556084061682
m2,sadness,48,94,-0.0008987980921164869,0.6357559831888016
m2,sadness,49,94,-0.0006668006258696538,0.7248224027830654
m2,sadness,50,94,0.00020828269815040485,0.9156714686156427
m2,sadness,51,94,4.5283420306943956e-07,0.9998221192296494
m2,sadness,52,94,0.00042651508794945634,0.8276409102803128
m2,sadness,53,94,0.0015749320109569322,0.36440368762660713
m2,sadness,54,94,0.0015849132029280742,0.36007042440784487
m2,sadness,55,94,0.0028407164683680692,0.07954218935611547
m2,sadness,56,94,0.0032617902415461855,0.062037345773867374
m2,sadness,57,94,0.0035255992775580064,0.06543903573180475
m2,sadness,58,94,0.002276313560648232,0.22947457985089492
m2,sadness,59,94,0.0019127923623363597,0.3299675354334165
m2,sadness,60,94,0.001666671249645672,0.40389248852988857
m2,sadness,61,94,0.001348029131580154,0.5140796589831724
m2,sadness,62,94,0.0019940347221818486,0.2449323777049478
m2,sadness,63,94,0.003126530782171343,0.07915185653206167
m2,sadness,64,94,0.0022949952724820367,0.18011343392742885
m2,sadness,65,94,0.0015880007796741317,0.363508148509025
m2,sadness,66,94,0.0007864254221144103,0.681377752854647
m2,sadness,67,94,0.00027752516459321637,0.8936930039572976
m2,sadness,68,94,0.0008505822185796441,0.6623753646362185
m2,sadness,69,94,3.552874458815381e-05,0.986564811773136
m2,sadness,70,94,0.001490771632999313,0.5802876224302098
m2,sadness,71,94,0.0003749292804706508,0.8814375761143447
m2,sadness,72,94,-0.0023737059395504056,0.19571537336016687
m2,sadness,73,94,-0.0020301783070158334,0.3212211263772903
m2,sadness,74,94,-0.004420134135688142,0.050914728133676014
m2,sadness,75,94,-0.0031068305853404216,0.10486084407878087
m2,sadness,76,94,-0.0025604990830546902,0.18042054152448506
m2,sadness,77,94,-0.0028063180027644873,0.1858169676966389
m2,surprise,24,94,0.0006882951262776243,0.8472092943942695
m2,surprise,25,94,-0.0019439590714827016,0.5896314041992423
m2,surprise,26,94,-0.00355694392927705,0.33364542789363016
m2,surprise,27,94,-0.00425197810724838,0.24502405855327103
m2,surprise,28,94,-0.007334866951334184,0.10428821082337242
m2,surprise,29,94,-0.005122138552341683,0.19183087018488676
m2,surprise,30,94,-0.0033895919085526424,0.415657950053432
m2,surprise,31,94,0.0005655560397517575,0.9235281704197451
m2,surprise,32,94,-0.0018082820596740882,0.6920619512104359
m2,surprise,33,94,-0.0013619103120277654,0.7701262479385875
m2,surprise,34,94,-0.0013031620803935636,0.7777716739055327
m2,surprise,35,94,-0.0032558261641333084,0.4210476823187149
m2,surprise,36,94,-0.007995537886351467,0.0988277915160177
m2,surprise,37,94,-0.00922549363370084,0.0702798585737755
m2,surprise,38,94,-0.00652434464347747,0.11025912148894362
m2,surprise,39,94,-0.006404983989732081,0.11045168660942353
m2,surprise,40,94,-0.0050076153073515765,0.24032763592426576
m2,surprise,41,94,-0.004538134933056452,0.29974858483682043
m2,surprise,42,94,0.0008105993480297246,0.9071654771971885
m2,surprise,43,94,-0.00448043894696974,0.3642942883421878
m2,surprise,44,94,-0.007217618193560927,0.17508729463043116
m2,surprise,45,94,-0.003311661549501317,0.4843643333212543
m2,surprise,46,94,-0.0024039636381770423,0.6238658259179952
m2,surprise,47,94,-0.004052940806040018,0.3851059343861756
m2,surprise,48,94,-0.004713871034113229,0.3136726723001546
m2,surprise,49,94,-0.003680942280640298,0.438561320146011
m2,surprise,50,94,-0.004856385794027218,0.32328025863884513
m2,surprise,51,94,-0.0032840055216654973,0.5171598328079927
m2,surprise,52,94,-0.0024194420729673123,0.6570057110785885
m2,surprise,53,94,-0.0025783697471739994,0.6422437710129556
m2,surprise,54,94,-0.004521840948098196,0.36103449751389083
m2,surprise,55,94,-0.005704188427811451,0.2231631990858376
m2,surprise,56,94,-0.007698723682752262,0.06324285912093278
m2,surprise,57,94,-0.01030069551406762,0.009489612643439336
m2,surprise,58,94,-0.008888098837705171,0.027209337986564084
m2,surprise,59,94,-0.009582259285132018,0.01729384541164232
m2,surprise,60,94,-0.011398331634549968,0.01914754270690425
m2,surprise,61,94,-0.007518794144631941,0.03972415426510889
m2,surprise,62,94,-0.004191780174869012,0.26195573878283196
m2,surprise,63,94,-0.00386350280979598,0.31181965921264265
m2,surprise,64,94,0.0034742302471591617,0.5753980033763701
m2,surprise,65,94,-0.0007089800899270566,0.8624269795713315
m2,surprise,66,94,-0.001875694083512078,0.6397982304429293
m2,surprise,67,94,-0.00038641178415554445,0.9214928936708823
m2,surprise,68,94,0.002654391273469011,0.5796780061567763
m2,surprise,69,94,-0.0008911889850250376,0.8157504260025348
m2,surprise,70,94,-0.0013357721802382966,0.7261550766133589
m2,surprise,71,94,-0.0025100453351864734,0.5386676564166298
m2,surprise,72,94,-0.0007516852748380229,0.8387065888730498
m2,surprise,73,94,0.0010276226910792855,0.7737152421028651
m2,surprise,74,94,0.0015849808182780035,0.6683995195969872
m2,surprise,75,94,0.0011729333027142518,0.7712583771060787
m2,surprise,76,94,0.0036935371787924515,0.33480900443854367
m2,surprise,77,94,0.0017199444846184501,0.6960500391800175
m3,anger,24,94,0.0009574945830872056,0.1937148844854476
m3,anger,25,94,0.0009505410935298158,0.17446573878617833
m3,anger,26,94,0.0006679659852246728,0.38650264205779516
m3,anger,27,94,0.0007086514928391646,0.3158459779248264
m3,anger,28,94,0.00016028846823855017,0.8443610565004874
m3,anger,29,94,-6.361069918934495e-05,0.9404780757736847
m3,anger,30,94,0.0005581128756967957,0.44337301778431626
m3,anger,31,94,1.391134475162558e-05,0.9841539380753527
m3,anger,32,94,0.00039268942342494945,0.546081773940005
m3,anger,33,94,0.00048273755575265804,0.4464837734637972
m3,anger,34,94,0.0003263162041406388,0.5735959581106536
m3,anger,35,94,-3.9969618868437795e-06,0.9948480357043756
m3,anger,36,94,0.00021254602694881694,0.7152329751039221
m3,anger,37,94,0.0003595634989413608,0.54575347319808
m3,anger,38,94,-9.474849981296915e-05,0.8589516326218916
m3,anger,39,94,0.00021148417469329066,0.7249832081797155
m3,anger,40,94,-0.00033650644895160444,0.45074639150152085
m3,anger,41,94,-0.00047904734999893784,0.27050239701297374
m3,anger,42,94,-0.0008586867224431979,0.07745843085624245
m3,anger,43,94,-0.0007623787245066757,0.09933715511745767
m3,anger,44,94,-0.0009922797433521864,0.03730573549472685
m3,anger,45,94,-0.0011420986002040898,0.023588473685364215
m3,anger,46,94,-0.0005773536266597777,0.32870233805211424
m3,anger,47,94,-0.000672070268941325,0.20930998274295587
m3,anger,48,94,-0.0007247386084371608,0.15172067968210834
m3,anger,49,94,-0.0006903471331987677,0.17657999222244125
m3,anger,50,94,-0.0006666446922778753,0.19293154936097878
m3,anger,51,94,-0.0009581083284016833,0.04124739805367875
m3,anger,52,94,-0.0008172450571099575,0.07777994937568425
m3,anger,53,94,-0.0006263559673283288,0.19604779316873544
m3,anger,54,94,-0.0007623024194997838,0.11465806239986918
m3,anger,55,94,-0.0006174951241633147,0.18449617619597491
m3,anger,56,94,-0.00040736218301788127,0.35627664546088733
m3,anger,57,94,-0.00013079077426063676,0.7694490442973617
m3,anger,58,94,-8.596695221004665e-05,0.8479639361184682
m3,anger,59,94,0.0003563772895877035,0.5115785633256595
m3,anger,60,94,0.0002062045357027303,0.6734882019293049
m3,anger,61,94,-0.0001140036833162258,0.8247275198972296
m3,anger,62,94,3.525144165529481e-05,0.942196080945914
m3,anger,63,94,0.00028867000001865986,0.584163623136861
m3,anger,64,94,2.5845413478465155e-05,0.9560064355302337
m3,anger,65,94,-2.3673928597674203e-05,0.959788518135071
m3,anger,66,94,-7.855786370235799e-05,0.8665567211326661
m3,anger,67,94,-0.0007271865583876706,0.22795015994421441
m3,anger,68,94,-0.00044449961711790935,0.4102030588411091
m3,anger,69,94,-0.00021871241938221784,0.7063221721443034
m3,anger,70,94,-0.00032009269425505683,0.5804726358348278
m3,anger,71,94,-0.00014066771436319544,0.8362377585607457
m3,anger,72,94,-0.0007713121060988176,0.04696537547115096
m3,anger,73,94,-0.0008413755468500249,0.026468510156614944
m3,anger,74,94,-0.0006216486308309145,0.13066729793515977
m3,anger,75,94,-0.0007550114517368616,0.04794280841470125
m3,anger,76,94,-0.0008858210156174742,0.03207282743045898
m3,anger,77,94,-0.0005740541840782515,0.17346244042256176
m3,disgust,24,94,0.000617736136973451,0.15882140265646905
m3,disgust,25,94,0.0006860900570348157,0.08635089002733658
m3,disgust,26,94,0.0006188203070642505,0.12083791702337103
m3,disgust,27,94,0.0003431741637319244,0.4515785429758976
m3,disgust,28,94,0.00028401957152887327,0.525787668714274
m3,disgust,29,94,9.224284994582612e-05,0.8507980392572893
m3,disgust,30,94,0.0002398287736587354,0.5848206308325946
m3,disgust,31,94,5.011688982963372e-05,0.9115671871819845
m3,disgust,32,94,0.00015421908640662725,0.7223531298169098
m3,disgust,33,94,0.0003191781881343401,0.48682828007307877
m3,disgust,34,94,0.00019640124781177402,0.6275408878548976
m3,disgust,35,94,-3.178708206790953e-05,0.9295874854200866
m3,disgust,36,94,-8.04613534180946e-05,0.8194300258526104
m3,disgust,37,94,-0.00028218843925865186,0.4115297347829995
m3,disgust,38,94,-0.0006320652229688212,0.12725614932112322
m3,disgust,39,94,-0.0006033123113941671,0.13253663616553782
m3,disgust,40,94,-0.0007260943469372955,0.0822212002527248
m3,disgust,41,94,-0.00038644098614197477,0.41791008710186195
m3,disgust,42,94,-0.0007980119133739807,0.06426627950837731
m3,disgust,43,94,-0.000459420448892768,0.30176171595467993
m3,disgust,44,94,-0.00040999268642049984,0.3665900036195745
m3,disgust,45,94,-0.0006391164695791713,0.18313374272020155
m3,disgust,46,94,-0.00012976328734548744,0.7896713805661629
m3,disgust,47,94,-0.00010634594842994031,0.8279418707481101
m3,disgust,48,94,-7.070370914847478e-05,0.8868303002943472
m3,disgust,49,94,1.946567223796537e-06,0.9970106937694696
m3,disgust,50,94,-0.00015911234566970438,0.7358549355223378
m3,disgust,51,94,-0.00014874551215152427,0.7566287381747816
m3,disgust,52,94,-0.00032209853620059217,0.4494215535234186
m3,disgust,53,94,-0.00045941309376908244,0.24672709302730467
m3,disgust,54,94,-0.0007743870144966117,0.06793104451503462
m3,disgust,55,94,-0.0007941814829763182,0.07057030347246353
m3,disgust,56,94,-0.0008349758291720327,0.0805931400177074
m3,disgust,57,94,-0.0004347268739397524,0.269968557178915
m3,disgust,58,94,-0.0002971216001699813,0.46682546623640475
m3,disgust,59,94,3.1177290641206804e-05,0.9492994696975037
m3,disgust,60,94,-4.183203006057584e-05,0.9272273287925447
m3,disgust,61,94,-0.0002696070120774218,0.5468988821020286
m3,disgust,62,94,-3.001223555836904e-05,0.9464348582604168
m3,disgust,63,94,0.00022638474579729086,0.6787923536045171
m3,disgust,64,94,-0.00014620759483946258,0.7065222771671148
m3,disgust,65,94,-0.000334288287807155,0.35561178170690544
m3,disgust,66,94,-0.00028057365002121155,0.44247255859153434
m3,disgust,67,94,-0.0005448674315446956,0.1975198394076345
m3,disgust,68,94,-0.00043559698972678936,0.28619312047379364
m3,disgust,69,94,-0.00021745381716567404,0.5752366492244375
m3,disgust,70,94,-8.776683145090411e-05,0.830557645875815
m3,disgust,71,94,-0.00011650655345934495,0.7794528238714256
m3,disgust,72,94,5.633337204272282e-05,0.9105121051064423
m3,disgust,73,94,-9.28103678342617e-05,0.8337697673850127
m3,disgust,74,94,-0.00023750154789214652,0.543800476638832
m3,disgust,75,94,-0.0005824273206475455,0.10981672592208375
m3,disgust,76,94,-0.0006413843347540878,0.12979840984843263
m3,disgust,77,94,-8.529892768156492e-05,0.7856909728028895
m3,fear,24,94,0.0009567728239933746,0.3479728816808376
m3,fear,25,94,0.0009554938476301249,0.32174604275593255
m3,fear,26,94,0.0013053292724493249,0.10926795285373035
m3,fear,27,94,0.001364802501430104,0.07462726413071513
m3,fear,28,94,0.0008564026417176805,0.25077342411654335
m3,fear,29,94,0.00030890469548624036,0.7313508583096388
m3,fear,30,94,0.0006397068978623837,0.40177287249071847
m3,fear,31,94,0.00031987286044171697,0.688948009346967
m3,fear,32,94,0.00045078725803844263,0.5548768858571151
m3,fear,33,94,0.0002635114185899479,0.7253621089758129
m3,fear,34,94,0.0004236398043673881,0.5768864957103503
m3,fear,35,94,-0.0002256359674196722,0.785030736734784
m3,fear,36,94,-0.0001865945493043247,0.8195435523338291
m3,fear,37,94,0.00018492095267149278,0.8306182111526337
m3,fear,38,94,-0.0002345090947388654,0.7567119887983655
m3,fear,39,94,-7.535185671347744e-05,0.928824083640086
m3,fear,40,94,-0.0006383705280097556,0.2952508871437606
m3,fear,41,94,-0.001091377109953364,0.04558872411156149
m3,fear,42,94,-0.001969447848787869,0.023536805432461567
m3,fear,43,94,-0.001899427857628742,0.02001769849245963
m3,fear,44,94,-0.001475616501532724,0.05180517694379229
m3,fear,45,94,-0.0014041240644262275,0.07161673397121256
m3,fear,46,94,-0.0008081190542139077,0.4593744499491327
m3,fear,47,94,-0.0010803207920195036,0.23381511435087443
m3,fear,48,94,-0.0013061253383773778,0.09592663946375195
m3,fear,49,94,-0.0013014678335305663,0.08948864487945124
m3,fear,50,94,-0.0019177310268566387,0.011485030261766435
m3,fear,51,94,-0.001642843605401429,0.01440660054923053
m3,fear,52,94,-0.0013079258417460346,0.047382859381800285
m3,fear,53,94,-0.0007747085678610341,0.3288415474976595
m3,fear,54,94,-0.0009324821846746754,0.20097436612801967
m3,fear,55,94,-0.0008100203065379616,0.26042004601872304
m3,fear,56,94,-0.0006336037476880803,0.3582979524675376
m3,fear,57,94,-8.251304630001853e-05,0.9006304930984897
m3,fear,58,94,2.2219954395452458e-05,0.9728379638106922
m3,fear,59,94,0.0005749316737486764,0.44676985215764653
m3,fear,60,94,0.00029766284468642164,0.6656993514837078
m3,fear,61,94,0.0001552140990429857,0.8260108819565553
m3,fear,62,94,0.0002996109695325638,0.648441830358085
m3,fear,63,94,0.0007888689628108825,0.22458437823067512
m3,fear,64,94,0.0006498813510983242,0.29506472359268376
m3,fear,65,94,0.0005087883911923449,0.40539461734939874
m3,fear,66,94,0.0006241811494121619,0.3246392357077532
m3,fear,67,94,-0.0001175250977265236,0.8884745953861963
m3,fear,68,94,0.00013390859232789473,0.8513563316548316
m3,fear,69,94,0.0007708211724098554,0.14361920426938768
m3,fear,70,94,0.000647773621794959,0.21886418626795912
m3,fear,71,94,0.00089804330482226,0.11554414074505599
m3,fear,72,94,0.0008049786690998769,0.157592487946688
m3,fear,73,94,0.00026240029438155297,0.6339749097171767
m3,fear,74,94,0.0004679255398326885,0.3673408320283259
m3,fear,75,94,0.0003490325734162331,0.5379725835163818
m3,fear,76,94,0.0002895862684673407,0.6381939729771224
m3,fear,77,94,0.0005612449302313927,0.3145779976609282
m3,joy,24,94,-0.0008637397231082861,0.2931955397140019
m3,joy,25,94,-0.001421501578910012,0.038168019871447946
m3,joy,26,94,-0.001175126425348147,0.06507305492067526
m3,joy,27,94,-0.0014087877134366083,0.022414444672817346
m3,joy,28,94,-0.0011481037085931344,0.04159045077392543
m3,joy,29,94,-0.0007845419205123215,0.19348256027390298
m3,joy,30,94,-0.0004972409910406383,0.45658410189586607
m3,joy,31,94,-0.0004052622365070187,0.5346816981083939
m3,joy,32,94,-0.00031180218406975875,0.6262210930175494
m3,joy,33,94,0.00012935485023398652,0.8652159079242125
m3,joy,34,94,-0.00020139870045808803,0.7422632827927924
m3,joy,35,94,-0.00022000851459133314,0.7061310437579013
m3,joy,36,94,-0.0005667097863619314,0.31237212139073833
m3,joy,37,94,-0.0005724275167911216,0.2901236385414344
m3,joy,38,94,-0.001098756519090683,0.11046068704634848
m3,joy,39,94,-0.0006954319959890774,0.22678962601159403
m3,joy,40,94,-0.0007211880255285345,0.19664904250506687
m3,joy,41,94,-0.000640440306449798,0.23933479326833507
m3,joy,42,94,-0.000639139902686104,0.23159564143384725
m3,joy,43,94,-0.00017437716994481484,0.7815259948189034
m3,joy,44,94,9.49152275041699e-05,0.8950651639457236
m3,joy,45,94,-0.00011942195787027559,0.8445503027420306
m3,joy,46,94,-0.00038524296022356965,0.5283590073954343
m3,joy,47,94,-0.0003477988432865108,0.5704716853991593
m3,joy,48,94,-0.00021837037176571233,0.7113282460371151
m3,joy,49,94,0.00014383963334405357,0.7903235893990239
m3,joy,50,94,0.00043137084390752615,0.4385020409167496
m3,joy,51,94,0.0003485368782274511,0.5417847012613323
m3,joy,52,94,0.0004597947185828646,0.4169168954597551
m3,joy,53,94,0.0005588106585155351,0.32105531320555836
m3,joy,54,94,0.0011777104736902168,0.03649794487259236
m3,joy,55,94,0.0011966048151089452,0.033370642778056146
m3,joy,56,94,0.0010197205457581951,0.046911470919221605
m3,joy,57,94,0.000617765609110579,0.26232003905830903
m3,joy,58,94,0.0005094079458408859,0.40397039589519534
m3,joy,59,94,0.00029840396550777175,0.6861990361836422
m3,joy,60,94,0.0007508910225683153,0.24064217296634915
m3,joy,61,94,0.0005131900322005482,0.4527028018995297
m3,joy,62,94,0.0003691085543345743,0.6251690839314747
m3,joy,63,94,0.0007154122220150234,0.32637339723704706
m3,joy,64,94,0.0005402771799651973,0.4841853017547708
m3,joy,65,94,0.0005941456739490178,0.4657472372474071
m3,joy,66,94,0.0006560523633366913,0.451810384496128
m3,joy,67,94,0.0005570495134794102,0.5263259438381034
m3,joy,68,94,0.00011321883894269999,0.8769370570072798
m3,joy,69,94,-0.0002974229716235788,0.6431778165631927
m3,joy,70,94,-0.0005655457386570717,0.39500773037342507
m3,joy,71,94,-0.0010299514755700782,0.2358543917032424
m3,joy,72,94,-0.0003430261559995921,0.6176790811654916
m3,joy,73,94,4.060996084425634e-06,0.9955185390230772
m3,joy,74,94,0.00045152079556162045,0.5923830729748041
m3,joy,75,94,0.00044041184618353647,0.629033704620594
m3,joy,76,94,0.00046168904353807304,0.6493440291733863
m3,joy,77,94,0.0004360555913471953,0.709447018405936
m3,sadness,24,94,-0.00013176158863893945,0.8475307533085524
m3,sadness,25,94,-0.000255174855787126,0.7003805820195546
m3,sadness,26,94,-0.00022503851321461384,0.7081477243020886
m3,sadness,27,94,-0.00027286952928408804,0.634828630545494
m3,sadness,28,94,-4.5568340564469835e-06,0.9941466702411926
m3,sadness,29,94,-0.0004022411944393377,0.4463333649656428
m3,sadness,30,94,-0.00028427369703372054,0.599778530109315
m3,sadness,31,94,-0.0008249823633955076,0.1391069543912426
m3,sadness,32,94,-0.0008397481820839992,0.12606110896477857
m3,sadness,33,94,-0.0006243382318009104,0.2764526698504308
m3,sadness,34,94,-0.0006017298686860441,0.32050635774978986
m3,sadness,35,94,-0.0010551530651538993,0.026582406227358326
m3,sadness,36,94,-0.0011158636854868228,0.020254465604147554
m3,sadness,37,94,-0.0010399937160299553,0.051169784861149
m3,sadness,38,94,-0.001905561156108383,0.00039981134211664683
m3,sadness,39,94,-0.0014574186949419749,0.006394611731855817
m3,sadness,40,94,-0.0016537670787188335,0.0006271227440061633
m3,sadness,41,94,-0.0013737412476569099,0.0321381511602342
m3,sadness,42,94,-0.0019263065572292085,3.5674390981105996e-05
m3,sadness,43,94,-0.001786802147076803,0.00036768149884276697
m3,sadness,44,94,-0.001616886268209146,0.00438740426905628
m3,sadness,45,94,-0.0018121582332625693,0.0004508750329731271
m3,sadness,46,94,-0.0011545416488452525,0.16409172475871237
m3,sadness,47,94,-0.0016232302413422706,0.0035465813426931413
m3,sadness,48,94,-0.0016253924334699162,0.0028586205972349794
m3,sadness,49,94,-0.001416909130268313,0.01937760171056176
m3,sadness,50,94,-0.0015685504183841686,0.003919761167892252
m3,sadness,51,94,-0.0015765291898239672,0.003106367027429076
m3,sadness,52,94,-0.0013635929054524266,0.020112157176871148
m3,sadness,53,94,-0.0011095608101156598,0.10188064664866932
m3,sadness,54,94,-0.0012810352088346855,0.04098441934483668
m3,sadness,55,94,-0.0012446122893806787,0.04879260169491998
m3,sadness,56,94,-0.0011892899827044686,0.06330174425884312
m3,sadness,57,94,-0.0006651184545182267,0.21851064429076728
m3,sadness,58,94,-0.0003539524111318803,0.5154116596308363
m3,sadness,59,94,0.00017876272828797515,0.7796073104998766
m3,sadness,60,94,3.0046974285626538e-05,0.9604030900792944
m3,sadness,61,94,0.0001367523077754636,0.8209320549022922
m3,sadness,62,94,0.00020483156283352256,0.7351958340318576
m3,sadness,63,94,0.0006177828189747404,0.35957877584296905
m3,sadness,64,94,0.000309691431910584,0.6072346298737175
m3,sadness,65,94,0.00021514034115570842,0.7221893927171379
m3,sadness,66,94,2.9961857472262926e-05,0.9612158305045598
m3,sadness,67,94,-0.0004289177376578268,0.5642580472791819
m3,sadness,68,94,-0.0002524099877586389,0.7322206424392664
m3,sadness,69,94,3.8646169015065495e-05,0.9616876176841914
m3,sadness,70,94,-9.229433845755373e-05,0.9082496836738961
m3,sadness,71,94,-0.0002215505521655383,0.776737961669105
m3,sadness,72,94,-0.000726706897046177,0.21273371477478553
m3,sadness,73,94,-0.0009987987782360225,0.0680348597249672
m3,sadness,74,94,-0.0008411136356799166,0.1327492766082596
m3,sadness,75,94,-0.0009617883908440739,0.12046736787797231
m3,sadness,76,94,-0.0006562715148097446,0.26408162471024865
m3,sadness,77,94,-0.0003061605242858264,0.586223813294616
m3,surprise,24,94,0.0003234733508537134,0.36169930617777235
m3,surprise,25,94,8.420656148669782e-05,0.8382183819955893
m3,surprise,26,94,2.994261690953973e-05,0.9431349454274355
m3,surprise,27,94,0.00013399333566547697,0.7217922879623868
m3,surprise,28,94,0.00027747843469578463,0.4548793996566617
m3,surprise,29,94,0.0001589868846763358,0.6537952467405226
m3,surprise,30,94,0.00038246394068683343,0.3646594149778126
m3,surprise,31,94,2.6942825174833483e-05,0.939654160015807
m3,surprise,32,94,-0.00014655741522989494,0.6976360579705916
m3,surprise,33,94,-0.00018528911726122934,0.6252678792430417
m3,surprise,34,94,-0.00022314752928340422,0.5552721162381176
m3,surprise,35,94,-0.0004227979991614356,0.23169228035730716
m3,surprise,36,94,-0.0007104757692554193,0.037448950128748965
m3,surprise,37,94,-0.0006989803016877058,0.038199552210075566
m3,surprise,38,94,-0.0009583701283980544,0.0071108865192123704
m3,surprise,39,94,-0.0007766224493860084,0.026891818912975374
m3,surprise,40,94,-0.0009785604189337467,0.006235934066604996
m3,surprise,41,94,-0.0006687202523217184,0.07414513137525901
m3,surprise,42,94,-0.0005540699490465189,0.17200409073208034
m3,surprise,43,94,-0.0005002686919545022,0.22747591654878285
m3,surprise,44,94,-0.00021551144504221165,0.667414588272091
m3,surprise,45,94,-0.0001792893681081253,0.7224606359742667
m3,surprise,46,94,-0.00027188320393350745,0.5678284115815788
m3,surprise,47,94,-0.00016350884202158303,0.7364059172779822
m3,surprise,48,94,-0.0002469846459623499,0.6053387772723701
m3,surprise,49,94,-0.00020670970476477406,0.6629014565835942
m3,surprise,50,94,-0.000194639676061717,0.6828642955074962
m3,surprise,51,94,-0.00024545139507585386,0.6251794176894697
m3,surprise,52,94,7.21221559427428e-05,0.8737060928384504
m3,surprise,53,94,0.00022174195284982556,0.6491266205655588
m3,surprise,54,94,0.0003995982915655567,0.4842016070827835
m3,surprise,55,94,0.00039656118179546695,0.4999655428680373
m3,surprise,56,94,-0.0001734893688430499,0.6779318638706899
m3,surprise,57,94,-0.0002705840739368554,0.5265961865457497
m3,surprise,58,94,-0.0003975168306521596,0.3767179671842228
m3,surprise,59,94,-0.00044673778677682647,0.34063266885158383
m3,surprise,60,94,-0.0002467580096537268,0.5679970109438632
m3,surprise,61,94,-0.00035371539635358846,0.44202296274215047
m3,surprise,62,94,-0.0002607192222389337,0.5571195553367124
m3,surprise,63,94,0.00026570018560620413,0.48380435500142105
m3,surprise,64,94,0.00016452037788847675,0.6595796250101198
m3,surprise,65,94,0.00022467014861701824,0.5372871487848025
m3,surprise,66,94,0.0004722530760082321,0.2036495488616159
m3,surprise,67,94,0.0005091218549689996,0.190311412876505
m3,surprise,68,94,0.0004588658904555309,0.23618306458961624
m3,surprise,69,94,0.00031190355691170863,0.37930181261698714
m3,surprise,70,94,-2.0671025109359984e-05,0.954505085471942
m3,surprise,71,94,3.175456853581611e-05,0.9282885801481384
m3,surprise,72,94,-7.964057441246016e-06,0.982700346209776
m3,surprise,73,94,1.2481323124097553e-05,0.9736407922078053
m3,surprise,74,94,0.0002555371104386857,0.5405800597310699
m3,surprise,75,94,0.00011635612936046414,0.7901566318379094
m3,surprise,76,94,8.299569685442008e-05,0.8633522034362453
m3,surprise,77,94,5.424458624457703e-05,0.920366509385042
