lag,emotion,p_b2,se_b2,placebo_share_p05
2,anger,0.7868614262793288,0.003086966610744773,0.0
2,disgust,0.4613585430759678,0.0035369375183987336,0.05555555555555555
2,fear,0.05932609920659775,0.002243788315387639,0.24074074074074073
2,joy,0.8977265389484278,0.0049283981741032054,0.1111111111111111
2,neutral,0.9519237205422547,0.007380692192621678,0.037037037037037035
2,sadness,0.8177193750655865,0.002052497748621893,0.2037037037037037
2,surprise,0.757971081970924,0.0045324067495871945,0.16666666666666666
4,anger,0.7834521985427528,0.0030371548222645583,0.0
4,disgust,0.43594860933380275,0.0033442526530931705,0.09259259259259259
4,fear,0.05679943315952849,0.0022213108220277044,0.2777777777777778
4,joy,0.8947387665607824,0.00478772441158463,0.14814814814814814
4,neutral,0.9520687170541307,0.007403046493260478,0.05555555555555555
4,sadness,0.8116934814642688,0.0019856212139520465,0.25925925925925924
4,surprise,0.7492347329804321,0.004369310486251114,0.16666666666666666
8,anger,0.7516051165953066,0.002637023326964555,0.0
8,disgust,0.2884515341331869,0.00245434658347098,0.16666666666666666
8,fear,0.02599622806495662,0.0019006094877470645,0.3333333333333333
8,joy,0.882250436257891,0.00427679361056472,0.16666666666666666
8,neutral,0.9499177000856615,0.007084696440815462,0.1111111111111111
8,sadness,0.7758457460580217,0.001661387161238292,0.2962962962962963
8,surprise,0.6656982534386604,0.003232527759149687,0.24074074074074073
12,anger,0.6988988083421592,0.002157870144684779,0.0
12,disgust,0.2671013057496954,0.0023476635702992335,0.2037037037037037
12,fear,0.027865479227515654,0.001924024346004044,0.37037037037037035
12,joy,0.8751888634645077,0.004032989380178904,0.2037037037037037
12,neutral,0.9418013435272483,0.006095262050584119,0.16666666666666666
12,sadness,0.7478989446017185,0.001471816965103935,0.3333333333333333
12,surprise,0.6770872113267423,0.0033537605539698816,0.3333333333333333
