instrument,emotion,true_b2,n_placebo,emp_p,emp_p_same_sign,n_exceed,exceed_t0_min,exceed_t0_max,exceed_opposite_sign,n_placebo_sparse,emp_p_sparse,share_placebo_p05
m1,anger,-0.0008346801113891032,54,0.8888888888888888,0.42592592592592593,48,24,77,25,9,0.8888888888888888,0.0
m1,disgust,-0.002605349411524101,54,0.6296296296296297,0.35185185185185186,34,28,76,15,9,0.5555555555555556,0.09259259259259259
m1,fear,0.004231266295855936,54,0.42592592592592593,0.1111111111111111,23,24,75,17,9,0.5555555555555556,0.2777777777777778
m1,joy,0.0006334658235468386,54,0.8518518518518519,0.2222222222222222,46,24,77,34,9,0.8888888888888888,0.14814814814814814
m1,neutral,0.00044499069680253747,54,0.9814814814814815,0.7592592592592593,53,24,77,12,9,1.0,0.05555555555555555
m1,sadness,-0.0004730581695708675,54,0.9444444444444444,0.16666666666666666,51,24,77,42,9,1.0,0.25925925925925924
m1,surprise,-0.0013966439522259426,54,0.7962962962962963,0.5740740740740741,43,24,77,12,9,0.7777777777777778,0.16666666666666666
m2,anger,-0.00513507729725868,54,0.2037037037037037,0.0,11,24,66,11,9,0.3333333333333333,0.07407407407407407
m2,disgust,0.0007619124493781157,54,0.24074074074074073,0.0,13,24,38,13,9,0.3333333333333333,0.4074074074074074
m2,fear,0.00016402377675018274,54,0.9074074074074074,0.3333333333333333,49,24,77,31,9,0.8888888888888888,0.05555555555555555
m2,joy,-0.003733900140070094,54,0.4444444444444444,0.3148148148148148,24,24,75,7,9,0.3333333333333333,0.0
m2,neutral,0.00870614662894552,54,0.2222222222222222,0.14814814814814814,12,24,74,4,9,0.2222222222222222,0.09259259259259259
m2,sadness,-2.330477961452295e-05,54,1.0,0.2962962962962963,54,24,77,38,9,1.0,0.037037037037037035
m2,surprise,-0.003592974544754707,54,0.6666666666666666,0.18518518518518517,36,24,77,26,9,0.8888888888888888,0.25925925925925924
m3,anger,-2.7411234048050897e-05,54,1.0,0.6851851851851852,54,24,77,17,9,1.0,0.05555555555555555
m3,disgust,0.000292255405083166,54,0.48148148148148145,0.12962962962962962,26,24,77,19,9,0.6666666666666666,0.0
m3,fear,-0.0004837790055418569,54,0.7962962962962963,0.7222222222222222,43,28,77,4,9,0.7777777777777778,0.14814814814814814
m3,joy,0.00010458402502677907,54,0.9444444444444444,0.6296296296296297,51,24,77,17,9,0.8888888888888888,0.12962962962962962
m3,sadness,-0.0012036153425605935,54,0.18518518518518517,0.18518518518518517,10,31,76,0,9,0.1111111111111111,0.2222222222222222
m3,surprise,-0.0003051330263074026,54,0.6481481481481481,0.24074074074074073,35,24,77,22,9,0.5555555555555556,0.2037037037037037
