instrument,emotion,true_b2,emp_p
m1,anger,-0.0002346210292451618,0.9629629629629629
m1,disgust,-0.00504759148991571,0.3333333333333333
m1,fear,0.005795282843181587,0.2037037037037037
m1,joy,0.0002904617479075329,0.9629629629629629
m1,neutral,0.0028009839195976154,0.8888888888888888
m1,sadness,-0.0019637473028779333,0.2037037037037037
m1,surprise,-0.001640770258073612,0.6666666666666666
m2,anger,-0.003254600958027438,0.35185185185185186
m2,disgust,0.000390867178061393,0.46296296296296297
m2,fear,0.0007776389250554846,0.2777777777777778
m2,joy,-0.0001227144138017655,0.9259259259259259
m2,neutral,-0.00018102189972271749,0.9629629629629629
m2,sadness,-0.001609905409801467,0.2037037037037037
m2,surprise,-0.00013137341785404022,0.9629629629629629
m3,anger,-0.0004967150794680377,0.16666666666666666
m3,disgust,2.955634063715731e-05,1.0
m3,fear,-0.0003486710829942901,0.7407407407407407
m3,joy,-1.0949332675852523e-05,0.9814814814814815
m3,sadness,-0.0009910327549879957,0.18518518518518517
m3,surprise,-0.00034079890018885305,0.42592592592592593
