t,group,n_comments,n_stories
0,ai,856,30
0,control,918,30
1,ai,273,14
1,control,1013,30
2,ai,305,12
2,control,1071,30
3,ai,367,13
3,control,936,30
4,ai,460,15
4,control,957,30
5,ai,401,13
5,control,813,30
6,ai,557,21
6,control,978,30
7,ai,522,20
7,control,905,30
8,ai,402,15
8,control,887,30
9,ai,594,24
9,control,932,30
10,ai,494,19
10,control,937,30
11,ai,825,27
11,control,984,30
12,ai,870,30
12,control,968,30
13,ai,615,21
13,control,998,30
14,ai,899,30
14,control,970,30
15,ai,871,30
15,control,860,30
16,ai,878,30
16,control,969,30
17,ai,969,30
17,control,902,30
18,ai,890,30
18,control,963,30
19,ai,885,30
19,control,915,30
20,ai,907,30
20,control,1028,30
21,ai,883,30
21,control,1008,30
22,ai,960,30
22,control,1060,30
23,ai,858,30
23,control,1047,30
24,ai,1001,30
24,control,980,30
25,ai,991,30
25,control,1003,30
26,ai,1025,30
26,control,1023,30
27,ai,736,30
27,control,1003,30
28,ai,873,30
28,control,893,30
29,ai,745,30
29,control,982,30
30,ai,924,30
30,control,1057,30
31,ai,1015,30
31,control,929,30
32,ai,942,30
32,control,998,30
33,ai,982,30
33,control,941,30
34,ai,1014,30
34,control,1028,30
35,ai,891,30
35,control,863,30
36,ai,840,30
36,control,1084,30
37,ai,882,30
37,control,987,30
38,ai,959,30
38,control,1103,30
39,ai,947,30
39,control,1018,30
40,ai,997,30
40,control,1022,30
41,ai,834,30
41,control,989,30
42,ai,851,30
42,control,949,30
43,ai,865,30
43,control,984,30
44,ai,788,26
44,control,962,30
45,ai,924,30
45,control,834,30
46,ai,1089,30
46,control,978,30
47,ai,938,30
47,control,999,30
48,ai,892,30
48,control,1067,30
49,ai,879,30
49,control,1027,30
50,ai,909,30
50,control,925,30
51,ai,958,30
51,control,1029,30
52,ai,749,27
52,control,989,30
53,ai,796,27
53,control,1037,30
54,ai,980,30
54,control,1107,30
55,ai,848,29
55,control,1071,30
56,ai,939,30
56,control,831,30
57,ai,885,30
57,control,980,30
58,ai,821,30
58,control,983,30
59,ai,883,30
59,control,942,30
60,ai,997,30
60,control,1009,30
61,ai,895,27
61,control,1094,30
62,ai,601,19
62,control,1035,30
63,ai,424,14
63,control,1062,30
64,ai,907,27
64,control,1088,30
65,ai,923,29
65,control,1037,30
66,ai,1042,30
66,control,981,30
67,ai,1015,30
67,control,908,30
68,ai,897,30
68,control,1004,30
69,ai,1018,30
69,control,1057,30
70,ai,679,22
70,control,976,30
71,ai,983,30
71,control,1027,30
72,ai,1039,30
72,control,986,30
73,ai,773,22
73,control,955,30
74,ai,938,30
74,control,988,30
75,ai,967,30
75,control,957,30
76,ai,973,30
76,control,1020,30
77,ai,907,26
77,control,1058,30
78,ai,948,30
78,control,963,30
79,ai,994,30
79,control,1004,30
80,ai,995,30
80,control,968,30
81,ai,860,27
81,control,936,30
82,ai,687,24
82,control,972,30
83,ai,960,29
83,control,1038,30
84,ai,926,26
84,control,1037,30
85,ai,996,28
85,control,941,30
86,ai,765,23
86,control,1037,30
87,ai,996,30
87,control,1067,30
88,ai,940,29
88,control,1048,30
89,ai,1053,30
89,control,1048,30
90,ai,948,30
90,control,1015,30
91,ai,1056,30
91,control,1074,30
92,ai,1030,30
92,control,1112,30
93,ai,936,30
93,control,1027,30
94,ai,1065,30
94,control,922,30
95,ai,1040,30
95,control,1053,30
96,ai,1036,30
96,control,1092,30
97,ai,1020,30
97,control,943,30
98,ai,1049,30
98,control,1041,30
99,ai,1037,30
99,control,1103,30
100,ai,1087,30
100,control,1022,30
101,ai,1066,30
101,control,1055,30
102,ai,967,30
102,control,926,30
103,ai,915,30
103,control,1081,30
104,ai,1035,30
104,control,973,30
105,ai,1023,30
105,control,969,30
106,ai,996,30
106,control,1047,30
107,ai,900,30
107,control,1023,30
108,ai,1050,30
108,control,988,30
109,ai,988,30
109,control,1125,30
110,ai,892,30
110,control,976,30
111,ai,933,30
111,control,907,30
112,ai,1042,30
112,control,936,30
113,ai,997,30
113,control,865,30
114,ai,915,30
114,control,890,30
115,ai,984,30
115,control,981,29
116,ai,966,30
116,control,979,30
117,ai,917,30
117,control,992,30
118,ai,945,30
118,control,919,30
119,ai,1020,30
119,control,931,30
120,ai,1025,30
120,control,1056,30
121,ai,959,30
121,control,842,30
122,ai,1082,30
122,control,977,30
123,ai,1043,30
123,control,1004,30
124,ai,1012,30
124,control,1030,30
125,ai,927,30
125,control,930,30
126,ai,1016,30
126,control,997,30
127,ai,1025,30
127,control,967,30
128,ai,1086,30
128,control,897,30
129,ai,1128,30
129,control,804,30
130,ai,1106,30
130,control,1016,30
131,ai,987,30
131,control,943,30
132,ai,924,30
132,control,876,30
133,ai,883,30
133,control,959,30
134,ai,945,30
134,control,1020,30
135,ai,965,30
135,control,974,30
136,ai,1097,30
136,control,998,30
137,ai,1029,30
137,control,1001,30
