aggregation,sample,instrument,emotion,model,pre_mean_ai,rel_b2,std_b2,b1_trend,b2_level,b3_slope,se_b2,se_b3,p_b2,p_b3,ci_b2_lo,ci_b2_hi,ci_b3_lo,ci_b3_hi
max,max,m2,anger,comparative,0.08290518,-0.02061914443432337,-0.1420600467615886,0.00016448411554481892,-0.001709433896284893,0.00015100120127078406,0.0028983424026966477,9.522482365018143e-05,0.5553266981841862,0.11279975650130963,-0.0073900806204356085,0.003971212827865822,-3.563602351774951e-05,0.0003376384260593176
max,max,m2,disgust,comparative,0.0036607522,0.08987807224765686,0.23991650808787263,8.98955999766679e-06,0.00032902135117777017,5.593964293567257e-06,0.00038619743462273316,1.5229934606990702e-05,0.3942412017854724,0.713394798039843,-0.000427911711604549,0.0010859544139600894,-2.4256159023034703e-05,3.5444087610169216e-05
max,max,m2,fear,comparative,0.005173457,0.10424196891474324,0.22475265633152972,1.998214480808192e-06,0.0005392913286730045,-2.012827852996385e-05,0.0006755974609449375,2.402540592018909e-05,0.4247291581887629,0.4021478679967483,-0.0007848553628257786,0.0018634380201717877,-6.721720884748987e-05,2.696065178756216e-05
max,max,m2,joy,comparative,0.22901496,0.007092696915327385,0.06808491988755497,-0.00017923026701303986,0.0016243337210069622,-0.0002561019164309677,0.0069620420507107705,0.00025310493474940145,0.8155184979811128,0.3116141468722723,-0.012021017957239527,0.015269685399253453,-0.000752178472849155,0.00023997463998721958
max,max,m2,neutral,comparative,0.46269384,-0.002156498986936414,-0.03975394876423728,-0.0001161528156792865,-0.0009977987977937825,0.0006208032005240586,0.00789339693138899,0.00030946506563556624,0.8994079391595955,0.04485063595214867,-0.016468572498995186,0.01447297490340762,1.4262817405024763e-05,0.0012273435836430923
max,max,m2,sadness,comparative,0.03094483,-0.15775784048442165,-0.7474172731847648,8.73033726464824e-05,-0.004881789524460659,8.646588460739254e-05,0.0026051804805741294,9.463417300361625e-05,0.060947288106351,0.3608820534643623,-0.009987849439612704,0.000224270390691385,-9.901368618642799e-05,0.00027194545540121305
max,max,m2,surprise,comparative,0.17317013,-0.0067820455605089305,-0.10082942546254106,6.790545300767245e-05,-0.0011744477413909132,-0.0004754415207175712,0.004650313374705242,0.0001520891163632214,0.8006141273284716,0.0017715820147570062,-0.010288894472638104,0.007939998989856279,-0.0007735307112300067,-0.00017735233020513584
mean,mean,m2,anger,comparative,0.03594495,-0.016191655114661994,-0.1099526548727554,7.663437328014555e-05,-0.0005820082308508717,6.631661270220728e-05,0.001309770389899962,4.688889617789037e-05,0.6567830675192126,0.1572635292504204,-0.003149111023071781,0.001985094561370038,-2.558393508129564e-05,0.00015821716048571022
mean,mean,m2,disgust,comparative,0.0036607522,0.08987807224765686,0.23991650808787263,8.98955999766679e-06,0.00032902135117777017,5.593964293567257e-06,0.00038619743462273316,1.5229934606990702e-05,0.3942412017854724,0.713394798039843,-0.000427911711604549,0.0010859544139600894,-2.4256159023034703e-05,3.5444087610169216e-05
mean,mean,m2,fear,comparative,0.0033275955,0.11503969694175317,0.2789401119972392,1.2126864400282534e-06,0.00038280558196771876,-1.2392375958382875e-05,0.00039442016954455156,1.402889779192576e-05,0.3317710425967798,0.37704915665373495,-0.00039024374511578415,0.0011558549090512217,-3.9888510373350856e-05,1.5103758456585103e-05
mean,mean,m2,joy,comparative,0.027119268,0.008867550646646202,0.08008745931714688,-1.9069683001755196e-05,0.0002404814801126255,-4.163530547211652e-05,0.0008524609102324429,3.061033013017824e-05,0.7778648028321863,0.17377558859551223,-0.0014303112021711946,0.0019112741623964456,-0.00010163045008214713,1.8359839137914094e-05
mean,mean,m2,neutral,comparative,0.46269384,-0.002156498986936414,-0.03975394876423728,-0.0001161528156792865,-0.0009977987977937825,0.0006208032005240586,0.00789339693138899,0.00030946506563556624,0.8994079391595955,0.04485063595214867,-0.016468572498995186,0.01447297490340762,1.4262817405024763e-05,0.0012273435836430923
mean,mean,m2,sadness,comparative,0.007987856,-0.15105732405420544,-0.7504519230941329,2.187053516010712e-05,-0.0012066241422611236,2.2459836576617025e-05,0.0006044994796435523,2.3286690456177994e-05,0.045926148042288235,0.3347991037557161,-0.0023914213510356896,-2.1826933486557547e-05,-2.3181238036624442e-05,6.810091118985849e-05
mean,mean,m2,surprise,comparative,0.06033524,0.005305404948654919,0.07721944859897109,2.07625542770475e-05,0.00032010288754924764,-0.00017523566569302993,0.0017228774748035533,5.769707043577666e-05,0.852605130986781,0.0023881273197047317,-0.003056674912841031,0.0036968806879395266,-0.0002883198457606229,-6.215148562543695e-05
noisyor,noisyor,m2,anger,comparative,0.10164293,-0.01985796566660988,-0.1406157245181841,0.00020740055129732916,-0.0020184217946840497,0.00018156247687466944,0.003545783551530702,0.000124321844239855,0.5691894578951546,0.14417386395204643,-0.008968029852658748,0.004931186263290649,-6.210386032704472e-05,0.0004252288140763836
noisyor,noisyor,m2,disgust,comparative,0.003660752,0.08987796657926557,0.23991619039627443,8.989564837441506e-06,0.0003290209434256289,5.593958574788299e-06,0.00038619750970090324,1.5229938821316458e-05,0.3942418797400472,0.7133951539038761,-0.0004279122665071996,0.0010859541533584575,-2.425617300174036e-05,3.5444090151316955e-05
noisyor,noisyor,m2,fear,comparative,0.006427344,0.1054893326653504,0.2616165518929521,2.2447364853772413e-06,0.0006780162224900388,-2.1261454961537345e-05,0.0007336679761783307,2.6177933676779775e-05,0.3554103792864146,0.4166826384295491,-0.0007599465874298798,0.002115979032409957,-7.25692621577039e-05,3.0046352234629207e-05
noisyor,noisyor,m2,joy,comparative,0.27717748,0.01064473723571494,0.10967303252984673,-0.00019238847438225092,0.0029504814725248686,-0.0003516560801573352,0.007562212129446057,0.00027308949156740675,0.696417378488422,0.19785201792000784,-0.011871181944641353,0.01777214488969109,-0.0008869016481858072,0.00018358948787113678
noisyor,noisyor,m2,neutral,comparative,0.46269384,-0.0021564972218395513,-0.03975391917575745,-0.0001161528306972541,-0.0009977979810943366,0.0006208032290435313,0.007893396489531069,0.00030946506154755864,0.8994080154556684,0.044850623293724454,-0.016468570816270126,0.014472974854081453,1.4262853936845192e-05,0.0012273436041502174
noisyor,noisyor,m2,sadness,comparative,0.037405014,-0.13842695200913088,-0.7214852528851441,9.767865628621439e-05,-0.005177862083150989,9.781025235496799e-05,0.0027720543571831896,0.00010371118680640929,0.06177894050840437,0.3456286112706839,-0.01061098878641737,0.00025526462011539377,-0.00010545993857949984,0.0003010804432894358
noisyor,noisyor,m2,surprise,comparative,0.21218425,0.0009781362376969107,0.015155113992024372,7.565005328860832e-05,0.00020754510434055104,-0.000582008950099716,0.0055068309930039715,0.0001826437019032524,0.9699359142000157,0.0014396516980092818,-0.010585645310896175,0.011000735519577278,-0.0009399840278331604,-0.00022403387236627156
