start_year,sample,instrument,emotion,model,pre_mean_ai,rel_b2,std_b2,b1_trend,b2_level,b3_slope,se_b2,se_b3,p_b2,p_b3,ci_b2_lo,ci_b2_hi,ci_b3_lo,ci_b3_hi
2015,start2015,m1,anger,comparative,0.046955857425928116,0.0052411877446244355,0.02224167732665716,0.0001475279477048424,0.00024610446447910673,0.0001368404709855684,0.003349348771097132,0.00010251828010996129,0.9414255089453154,0.18194478113841883,-0.006318498498534762,0.006810707427492975,-6.409166578694471e-05,0.00033777260775808146
2015,start2015,m1,disgust,comparative,0.07786014676094055,-0.09849197866924285,-0.43143720766172605,0.00027524643188628134,-0.0076685999139626745,0.00013921754165232352,0.0056218468698580335,0.0001742662073136342,0.17254512952817092,0.424360815671356,-0.018687217305483658,0.0033500174775583074,-0.00020233794840479008,0.00048077303170943715
2015,start2015,m1,fear,comparative,0.029603011906147003,0.2076593233375298,0.6826554419988534,-1.651404466175469e-05,0.006147341421183325,-5.437386929437161e-05,0.002999386148138918,0.00011384237071507253,0.04041000708921587,0.6329177155828691,0.0002686525951027261,0.012026030247263925,-0.00027750081581057114,0.0001687530772218279
2015,start2015,m1,joy,comparative,0.05410978943109512,-0.020094865808263716,-0.0828470294480477,-0.00013375918262023854,-0.0010873289575312629,-0.00013870258383167424,0.003984192957110798,0.00012131732732270868,0.784921847978384,0.25291240086627753,-0.008896203660926562,0.006721545745864037,-0.0003764801760848403,9.907500842149184e-05
2015,start2015,m1,neutral,comparative,0.6403751969337463,0.028824897387141224,0.6303476352576248,-0.0003166771273797184,0.01845874934088559,-0.00023323829564917117,0.007932998542000884,0.00021080317789044401,0.019974245605967476,0.2685418102258471,0.002910357909155099,0.03400714077261608,-0.0006464049321410316,0.00017992834084268932
2015,start2015,m1,sadness,comparative,0.028499914333224297,-0.08328886837802552,-0.3298679347283049,4.70922313930938e-05,-0.002373725613684921,0.00010667431812978105,0.0025931652842150123,9.614397949170287e-05,0.3599933932999181,0.26720300657153373,-0.007456236176705919,0.002708784949336076,-8.176441900431414e-05,0.0002951130552638762
2015,start2015,m1,surprise,comparative,0.12259608507156372,-0.11193306105051255,-1.0773753318085868,-2.916041795010331e-06,-0.013722555074869172,4.358238406267986e-05,0.004086473157520484,0.00012659925583036007,0.0007849622778971333,0.7306547770220007,-0.021731895287398995,-0.005713214862339349,-0.0002045475978343983,0.000291712365959758
2015,start2015,m2,anger,comparative,0.0827067494392395,-0.0637988054616551,-0.4613523723410977,0.0001520415746647555,-0.005276591817839893,0.00037022666660830927,0.0037605833060243648,0.0001381173640939034,0.16057771486005756,0.0073507379052386735,-0.012647199658510216,0.002094016022830431,9.952160734465296e-05,0.0006409317258719656
2015,start2015,m2,disgust,comparative,0.003716790582984686,-0.04897188247635222,-0.14503959923505533,7.034244553174504e-06,-0.0001820182316191387,1.514934488636425e-05,0.0003695058823457446,1.0568802001882881e-05,0.6222959481124487,0.15174290720617747,-0.0009062364530924927,0.0005421999898542152,-5.5651263970610205e-06,3.586381616978952e-05
2015,start2015,m2,fear,comparative,0.005001408513635397,0.19062419513376022,0.43680650299130724,6.1791675319908e-06,0.0009533894724468836,-3.447225721604358e-05,0.0009334134510154739,3.5207334541465626e-05,0.30706447137951975,0.3275199635056636,-0.0008760672742286871,0.0027828462191224544,-0.00010347736490896922,3.453285047688206e-05
2015,start2015,m2,joy,comparative,0.22795386612415314,0.01871207734978431,0.1967978325082784,-0.00027288619203603493,0.0042654903750975305,-8.577787213224784e-05,0.005780226493292743,0.0002269164026820649,0.46054775261054925,0.7054192277686232,-0.007063545374240498,0.01559452612443556,-0.0005305258488904832,0.00035897010462598747
2015,start2015,m2,neutral,comparative,0.46262720227241516,0.017108229939615,0.3863741305702907,1.5020461425535686e-05,0.007914732552797257,-2.7317879851972678e-05,0.00625686002571987,0.0002188615047563557,0.20588252192016765,0.9006675480859765,-0.004348487753922044,0.020177952859516558,-0.00045627854677667164,0.00040164278707272624
2015,start2015,m2,sadness,comparative,0.030839672312140465,-0.05214864414927839,-0.2639847580298953,6.534892490523677e-05,-0.0016082470970861665,1.7516645986300628e-05,0.0017728405348058705,6.564540415333692e-05,0.3643230645126012,0.789594391859923,-0.0050829506956384,0.0018664565014660677,-0.00011114598190481582,0.00014617927387741708
2015,start2015,m2,surprise,comparative,0.17437493801116943,-0.03872745424905027,-0.5610962815352497,3.683578394027993e-05,-0.0067530974340085405,-0.0001902751334866296,0.003536474935392786,0.00011008858553906875,0.05619038662813591,0.08391975419430966,-0.013684460939607016,0.0001782660715899352,-0.00040604479625216136,2.5494529278902156e-05
2015,start2015,m3,anger,comparative,0.008950925100906185,-0.09395501713309758,-0.45481958753893725,2.1459990422828602e-05,-0.0008409843212127138,4.0857019519160816e-05,0.0007549173240187208,2.1721906730096995e-05,0.2652755370348788,0.05998373719239505,-0.002320595087594761,0.0006386264451693334,-1.7171353473675069e-06,8.343117438568914e-05
2015,start2015,m3,disgust,comparative,0.005963511667968513,-0.05604733138234333,-0.25429834382677075,1.2711839766751553e-05,-0.0003342389146571023,1.2005491030277392e-05,0.00038659285322338203,1.5258535200191082e-05,0.3872715329419276,0.4313960551795739,-0.0010919469836555104,0.0004234691543413059,-1.790068841893379e-05,4.191167047948858e-05
2015,start2015,m3,fear,comparative,0.01273947407167627,-0.023459816201241858,-0.13927205837084808,4.265443456449527e-06,-0.0002988657202220115,4.671397370096827e-05,0.0008339913209986407,2.8964694681430028e-05,0.7200769810012442,0.10679011116026432,-0.0019334586727983306,0.0013357272323543075,-1.0055784697833443e-05,0.00010348373209976998
2015,start2015,m3,joy,comparative,0.014780956699387539,-0.0008355486632402345,-0.006566653743814818,-3.5188740269302818e-06,-1.2350208611585046e-05,2.6888781628052867e-05,0.0005820974558032059,1.713854454782742e-05,0.9830727631150551,0.11666962257629566,-0.0011532402574782644,0.0011285398402550945,-6.702148433124181e-06,6.0479711689229916e-05
2015,start2015,m3,sadness,comparative,0.010823997272548385,-0.08155603260950547,-0.5862579374228503,7.249718006390525e-06,-0.0008827622745251544,5.0448191451372587e-05,0.00047405490472415953,1.7600461872147354e-05,0.06258167236299722,0.004153014063227053,-0.0018118928144790739,4.636826542876499e-05,1.5951920070693356e-05,8.494446283205181e-05
2015,start2015,m3,surprise,comparative,0.008400739960420314,-0.07324781847610136,-0.514058411051629,3.869199136148256e-06,-0.000615335875685798,2.3787443156831064e-05,0.0004629883826192285,1.3474432187115609e-05,0.1838306438886247,0.07750054483877629,-0.0015227764308799363,0.0002921046795083402,-2.6219586420428e-06,5.0196844955704924e-05
2016,start2016,m1,anger,comparative,0.04768861457705498,0.0018700936413219948,0.008265037290147565,0.0001509935035191267,8.91821748840059e-05,0.0001333749151712835,0.0034047761901124687,0.00010533198906133225,0.9791031948506185,0.2054294224288432,-0.006584056533155933,0.006762420882923945,-7.307198980889464e-05,0.00033982182015146164
2016,start2016,m1,disgust,comparative,0.07969456166028976,-0.08255113529259994,-0.3916449673649669,0.0002364693416350485,-0.006578876541703029,0.0001779946319035548,0.005683385981022842,0.00017897331183137918,0.24704247220137154,0.31996408078828986,-0.017718108374747642,0.004560355291341585,-0.00017278661347980477,0.0005287758772869143
2016,start2016,m1,fear,comparative,0.02913459576666355,0.1651629467577865,0.5692637226304808,2.6727929491774808e-05,0.004811955689419084,-9.761584344790084e-05,0.0029728029795796124,0.00011231550175977342,0.10552055228687235,0.38478055110414433,-0.001014631083690318,0.010638542462528485,-0.0003177501818026018,0.00012251849490680012
2016,start2016,m1,joy,comparative,0.05272454395890236,-0.04909187424091882,-0.20674680788287422,-8.206782671517567e-05,-0.0025883466814402307,-0.0001903939397367368,0.004142131915129579,0.0001251673598861619,0.5320480305971899,0.12823099872387633,-0.010706776054308125,0.005530082691427664,-0.0004357174571535776,5.4929577680104004e-05
2016,start2016,m1,neutral,comparative,0.6399751901626587,0.031059621363901748,0.6642598111399735,-0.00036318022609983086,0.019877387088743197,-0.00018673519692905617,0.008429518927448651,0.0002288141066467538,0.018370279096418602,0.4144429327076252,0.0033558335839451343,0.03639894059354126,-0.0006352026051114006,0.0002617322112532883
2016,start2016,m1,sadness,comparative,0.02890208177268505,-0.07324968757247598,-0.29945468900838423,3.8612863519400816e-05,-0.0021170684600433326,0.00011515368600347354,0.0026736402303428747,9.795186408689065e-05,0.42845982547552885,0.23974873706307187,-0.007357307019132741,0.0031231700990460762,-7.682843982539448e-05,0.0003071358118323415
2016,start2016,m1,surprise,comparative,0.1218804195523262,-0.11071711044515854,-1.0961829321831609,-7.555364923129739e-06,-0.01349424787267716,4.822170719079894e-05,0.0042313305186906245,0.00013010403779091024,0.0014270346399469392,0.7109059906469808,-0.02178750329599597,-0.005200992449358351,-0.00020677752112262327,0.00030322093550422117
2016,start2016,m2,anger,comparative,0.08364634215831757,-0.06213487756074168,-0.4654206297069566,0.00014788589570595472,-0.005197355228410967,0.0003743823455671091,0.0039439863188603244,0.000145335822125729,0.18757315007393827,0.009995608075116428,-0.01292742636889591,0.002532715912073974,8.952936853716073e-05,0.0006592353225970575
2016,start2016,m2,disgust,comparative,0.0037850465159863234,-0.06517976709764878,-0.188352625964969,9.137464091472635e-06,-0.0002467084503657555,1.3046125348066066e-05,0.0003790260726913066,1.1039758728636344e-05,0.515110394823724,0.23730885035949423,-0.000989585902042377,0.000496169001310866,-8.591404158072865e-06,3.4683654854204994e-05
2016,start2016,m2,fear,comparative,0.0049475692212581635,0.13219053274838558,0.31986634742714093,1.5841075229965564e-05,0.0006540218111676318,-4.4134164914018295e-05,0.0009105507420892539,3.4472428775843544e-05,0.47259046546214456,0.20044867994773952,-0.0011306248494235252,0.002438668471758789,-0.00011169888377429382,2.343055394625723e-05
2016,start2016,m2,joy,comparative,0.22569924592971802,0.016261030694271258,0.17406642697964736,-0.00025050058491128625,0.0036701023657370216,-0.00010816347925699573,0.00605921516974837,0.0002321584208582236,0.5447100667808555,0.6412843956371047,-0.008205741141548532,0.015545945873022576,-0.0005631856228468064,0.00034685866433281496
2016,start2016,m2,neutral,comparative,0.4639660120010376,0.01928221726788508,0.4502143997618926,-2.304930267283535e-05,0.008946293448318184,1.0751884246398458e-05,0.006343138949946927,0.00022032816009871792,0.15842484942246882,0.9610791522694346,-0.003486030442511008,0.021378617339147376,-0.00042108337432706364,0.0004425871428198606
2016,start2016,m2,sadness,comparative,0.031209057196974754,-0.04357891240678722,-0.23220249771594048,5.745518495802226e-05,-0.0013600567698853752,2.5410385933514827e-05,0.0018252928647040276,6.766588865784422e-05,0.45620098419944854,0.7072683749307562,-0.004937565045943211,0.0022174515061724608,-0.00010721231881775718,0.00015803309068478682
2016,start2016,m2,surprise,comparative,0.17422625422477722,-0.045810910600570076,-0.6563209082610374,8.073709862923112e-05,-0.007981463356563464,-0.00023417644817558055,0.0034936086179180263,0.00011444161141042645,0.022336879104651354,0.040731521790472555,-0.01482881042376155,-0.0011341162893653781,-0.0004584778848727445,-9.875011478416616e-06
2016,start2016,m3,anger,comparative,0.00906833629823209,-0.08730110887900892,-0.44666233943820244,1.953623790296859e-05,-0.0007916758145234285,4.2780772039020665e-05,0.0007619259559333819,2.22720627639681e-05,0.29878352773160943,0.05475356361898595,-0.0022850232470391094,0.0007016716179922525,-8.716688397724244e-07,8.643321291781376e-05
2016,start2016,m3,disgust,comparative,0.005977287190483755,-0.07067600576383473,-0.3263571304361533,1.544237397262733e-05,-0.00042245078392672534,9.274956824401489e-06,0.0003863952837522429,1.529721117152027e-05,0.2742566275352136,0.5443043745019478,-0.001179771623877256,0.00033487005602380547,-2.0707026135682004e-05,3.925693978448498e-05
2016,start2016,m3,fear,comparative,0.012773394386242812,-0.028724306930538575,-0.1778848921494516,6.124361970174469e-06,-0.00036690690089525695,4.485505518724321e-05,0.0008371599863035121,2.9597750864423506e-05,0.6611864199776076,0.12964870516412824,-0.0020077103233481857,0.0012738965215576717,-1.3155470530416108e-05,0.00010286558090490253
2016,start2016,m3,joy,comparative,0.01466284338312445,-0.013922355396573159,-0.12118530466424657,2.704609951041265e-06,-0.00020414131670414972,2.0665297650081272e-05,0.0006130186438863774,1.8050612490868203e-05,0.7391267616272187,0.2522700610047055,-0.0014056357805730345,0.000997353147164735,-1.4713252730909239e-05,5.604384803107178e-05
2016,start2016,m3,sadness,comparative,0.010887930047246273,-0.07298471120447288,-0.5264761804986852,4.12827354285145e-06,-0.000794652430112772,5.356963591491152e-05,0.0004861858735778683,1.814182459859799e-05,0.10216183808712641,0.0031488026337225783,-0.0017475592321175375,0.0001582543718919937,1.8012313087816635e-05,8.91269587420064e-05
2016,start2016,m3,surprise,comparative,0.008407374610390785,-0.08818361284225577,-0.6250220059114446,7.948135100622986e-06,-0.000741392667662512,1.970850719235626e-05,0.000473989855904628,1.3655145071182718e-05,0.11778163555383109,0.14893523104037953,-0.0016703957142729128,0.00018761037894788875,-7.0550853508314975e-06,4.647209973554402e-05
2017,start2017,m1,anger,comparative,0.04873720183968544,0.017917476113978464,0.08146414422448353,0.00011851984525310531,0.000873247649824711,0.00016584857343730493,0.0034041992786861862,0.00010638842675879413,0.7975487833479764,0.11902081807644485,-0.005798860332597445,0.007545355632246867,-4.266891138180891e-05,0.0003743660582564188
2017,start2017,m1,disgust,comparative,0.08189872652292252,-0.04965615639687917,-0.2557436270341731,0.0001374733457522932,-0.004066775972927476,0.00027699062778631085,0.0056428209533760255,0.00018304610275979248,0.4710946673242272,0.13022156029789525,-0.015126501812752458,0.006992949866897505,-8.177314113330019e-05,0.0006357543967059219
2017,start2017,m1,fear,comparative,0.028956366702914238,0.19163104886472945,0.658752569639107,-2.3491385172347865e-06,0.005548938922591183,-6.853877543889159e-05,0.003030166092245726,0.00011528301474260563,0.06706583325437591,0.5521602080024222,-0.0003900774853849154,0.011487955330567281,-0.0002944893323635987,0.00015741178148581555
2017,start2017,m1,joy,comparative,0.0525057315826416,-0.02570374766495807,-0.10361293612317617,-0.0001316808640087396,-0.0013495940755642393,-0.00014078090244317267,0.0045359738770826535,0.00013721485197792775,0.7660609370722526,0.30489685949994794,-0.010239939509460755,0.007540751358332275,-0.00040971707046390563,0.0001281552655775603
2017,start2017,m1,neutral,comparative,0.6381762623786926,0.027156511327638758,0.591616824962481,-0.0002572872249333344,0.01733064089831713,-0.00029262819809555387,0.00867959076030852,0.0002375669061481371,0.045856504446280096,0.2180343677609181,0.00031895560756580593,0.034342326189068455,-0.0007582507780645098,0.00017299438187340203
2017,start2017,m1,sadness,comparative,0.028760453686118126,-0.07402600098013147,-0.3017934501498771,3.818868122879953e-05,-0.002129021372757606,0.00011557786829407491,0.0027858898403266435,0.00010158084474547646,0.4447385797862192,0.25520736359519336,-0.007589265124693869,0.0033312223791786572,-8.351692892621376e-05,0.00031467266551436356
2017,start2017,m1,surprise,comparative,0.12096523493528366,-0.133984376270271,-1.3210064974718068,9.713560407750098e-05,-0.016207451553190776,-5.646926180983128e-05,0.004114621298122142,0.00013215248214047028,8.182538945808005e-05,0.6691580432885871,-0.024271961107531617,-0.008142941998849932,-0.0003154833672727257,0.00020254484365306319
2017,start2017,m2,anger,comparative,0.08504839241504669,-0.04519479750478701,-0.35489203817368326,9.258412559267492e-05,-0.0038437448733056987,0.0004296841156803894,0.0040285697967936554,0.00015129694992255176,0.3400221673641971,0.004511280670782707,-0.011739596584227107,0.004052106837615711,0.00013314754286142787,0.0007262206884993509
2017,start2017,m2,disgust,comparative,0.0038417158648371696,-0.04131442622237067,-0.12904296483018016,5.578557541562668e-06,-0.00015871828666512617,1.660503189797605e-05,0.0003844561594844324,1.1257932542411563e-05,0.6797249754119965,0.14022254028556744,-0.0009122385128892008,0.0005948019395589485,-5.460110425532059e-06,3.867017422148416e-05
2017,start2017,m2,fear,comparative,0.0049465312622487545,0.15404387417968063,0.3631818277973391,1.1769575529090355e-05,0.0007619828393877039,-4.0062665213143166e-05,0.0009102172901507447,3.5310105658189384e-05,0.4025116946121441,0.25654509793678026,-0.0010220102674134003,0.002545975946188808,-0.00010926920059349834,2.914387016721201e-05
2017,start2017,m2,joy,comparative,0.22446656227111816,0.022505561955603274,0.24412770777312431,-0.000301896123119363,0.00505174612415393,-5.6767941048918654e-05,0.006548377861923376,0.00024694965760225314,0.44044024614045874,0.8181876807369586,-0.0077828386423752895,0.01788633089068315,-0.0005407803759438327,0.0004272444938459955
2017,start2017,m2,neutral,comparative,0.4643893837928772,0.018343803578134175,0.43511332968516075,-4.06117206607996e-06,0.008518667640067305,-8.236246360357347e-06,0.006784249327770887,0.0002376203596436287,0.20924155962109658,0.9723497675139692,-0.0047782167045037054,0.021815551984638318,-0.0004739635932553245,0.0004574911005346098
2017,start2017,m2,sadness,comparative,0.031217599287629128,-0.0369403756142487,-0.19897924873546058,4.746697169724202e-05,-0.0011531898434601225,3.5398599194295034e-05,0.001878905540100024,7.053636540644903e-05,0.5393764731598156,0.6157737945955655,-0.004835777032408948,0.002529397345488703,-0.00010285013660270203,0.00017364733499129208
2017,start2017,m2,surprise,comparative,0.17390386760234833,-0.05996782527378937,-0.838951430711213,0.00017714489983440933,-0.010428636746813824,-0.00033058424938075875,0.003226376799905518,0.00011327281981734852,0.0012279552919938913,0.0035174452805061805,-0.016752219075184233,-0.0041050544184434165,-0.0005525948966500567,-0.00010857360211146075
2017,start2017,m3,anger,comparative,0.009229984922974728,-0.053676926943457014,-0.28072944273007977,7.963679199802154e-06,-0.0004954372263997242,5.435333074218719e-05,0.0007588808748095038,2.2687533913073954e-05,0.513851416319274,0.016587054319871924,-0.001982816409582601,0.0009919419567831528,9.886581374531158e-06,9.882008010984322e-05
2017,start2017,m3,disgust,comparative,0.006087753332194859,-0.02491012659180876,-0.1264325056122428,5.0994123777989276e-06,-0.00015164670616467954,1.9617918419229965e-05,0.00038876445556580236,1.524699510705006e-05,0.6964822085665195,0.1982077963843104,-0.0009136110375429743,0.0006103176252136152,-1.0265642863046576e-05,4.95014797015065e-05
2017,start2017,m3,fear,comparative,0.012885083568861396,-0.005398311141056822,-0.03363906572184003,-5.682856930166016e-06,-6.955769018323267e-05,5.666227408758376e-05,0.0008364182096972535,3.038785949293452e-05,0.9337232228987427,0.06223254789161856,-0.00170890725720332,0.0015697918768368547,-2.8968360858314893e-06,0.00011622138426099901
2017,start2017,m3,joy,comparative,0.014695192566487547,-0.010294606893204813,-0.08570290060965505,8.150529662424719e-07,-0.00015128123069193484,2.255485463488011e-05,0.0006992197278954389,2.124787566557406e-05,0.8287093164609669,0.28845771755805594,-0.0015217267146468915,0.001219164253263022,-1.909021641763008e-05,6.419992568739029e-05
2017,start2017,m3,sadness,comparative,0.010954751081523132,-0.05470710037377385,-0.3905767622648437,-3.739826053525447e-06,-0.0005993026669865936,6.143773551128854e-05,0.0004849067574681277,1.831148995789563e-05,0.2164908263134261,0.0007932290077700011,-0.0015497024474842229,0.0003510971135110356,2.5547874690546235e-05,9.732759633203085e-05
2017,start2017,m3,surprise,comparative,0.00848183881238169,-0.07632663905091225,-0.5389784604648558,4.226984926358673e-06,-0.0006473902495206755,2.3429657366620633e-05,0.0005049285534487506,1.4716866161555209e-05,0.19979273774959672,0.1113784993346384,-0.0016370320290461343,0.00034225153000478335,-5.414870275323807e-06,5.2274185008565076e-05
2018,start2018,m1,anger,comparative,0.04966871440410614,0.0375821047013819,0.17381057678289266,7.461773472212684e-05,0.0018666548251181523,0.00020975068396828357,0.0033767274862821447,0.00010949167660020097,0.5804003947330896,0.05540622477554643,-0.004751609433601321,0.008484919083837625,-4.8490587750173175e-06,0.00042435042671158446
2018,start2018,m1,disgust,comparative,0.08342059701681137,-0.02818329390648929,-0.15130994216387345,6.503197753694124e-05,-0.0023510672035795986,0.00034943199600166226,0.005631863060650191,0.0001906193256360206,0.6763433200920512,0.06678168729975431,-0.01338931596831549,0.008687181561156294,-2.4175017002250714e-05,0.0007230390090055752
2018,start2018,m1,fear,comparative,0.02861974574625492,0.18375592667177676,0.6081240243513808,1.3006367181248035e-05,0.005259047900713714,-8.389428113737345e-05,0.0030928895508491334,0.00012028764196656931,0.08906188015096622,0.4855229609894105,-0.0008029042271108519,0.01132100002853828,-0.00031965372717709803,0.00015186516490235116
2018,start2018,m1,joy,comparative,0.05232318863272667,-0.01221666587539028,-0.04862313584427623,-0.00016647134736084488,-0.0006392149130610404,-0.00010599041909106722,0.005160928684288697,0.00016611865396523067,0.901428842018466,0.5234473556815482,-0.010754449261046574,0.009476019434924493,-0.0004315769980231912,0.00021959615984105675
2018,start2018,m1,neutral,comparative,0.6359750628471375,0.023732309812369932,0.5158505614963054,-0.00015498971744004343,0.015093157224429705,-0.0003949257055888418,0.009431560344690698,0.00028537310741707036,0.10953601528682386,0.16639137088553713,-0.00339236136918024,0.03357867581803965,-0.0009542467182825799,0.00016439530710489627
2018,start2018,m1,sadness,comparative,0.02889391966164112,-0.06286746479371409,-0.2595492067715813,2.1355976483962443e-05,-0.0018164874770806266,0.00013241057303891167,0.00287607995559466,0.00010631604363763635,0.5276584274319531,0.21296895306914,-0.007453500606703719,0.003820525652542465,-7.596504346964436e-05,0.0003407861895474677
2018,start2018,m1,surprise,comparative,0.12109877169132233,-0.14378434131335233,-1.368564115447929,0.0001474493101004044,-0.01741210712149282,-0.00010678296783273822,0.0042310321732799624,0.00014250074519089477,3.866205220659236e-05,0.4536461332638003,-0.02570477779855178,-0.00911943644443386,-0.0003860792961770113,0.00017251336051153483
2018,start2018,m2,anger,comparative,0.08585309237241745,-0.03589204968767941,-0.3071011588350636,6.260088204571101e-05,-0.003081443457271737,0.00045966735922735243,0.004137523876443014,0.0001594492939434647,0.4564195710664547,0.003941031974163024,-0.011190841240274599,0.005027954325731124,0.000147152485737821,0.0007721822327168839
2018,start2018,m2,disgust,comparative,0.0039206454530358315,-0.05530670990866627,-0.17325599298265013,8.492952475050998e-06,-0.00021683800072578417,1.369063696448765e-05,0.00038400501953165676,1.206516702140157e-05,0.5722949013015098,0.2564908955144267,-0.0009694740088904314,0.0005357980074388631,-9.956655864919828e-06,3.733792979389513e-05
2018,start2018,m2,fear,comparative,0.004996746312826872,0.13991836662564722,0.3380130212483289,1.5181494078776904e-05,0.0006991365825334612,-4.3474583762829584e-05,0.000911804378383295,3.638508244564453e-05,0.44322327226885816,0.23214705868808927,-0.0010879671600437287,0.0024862403251106513,-0.0001147880349308134,2.7838867405154234e-05
2018,start2018,m2,joy,comparative,0.22364211082458496,0.02630583448655261,0.27481401915640247,-0.0003404238762596338,0.005883092351574788,-1.8240187908646307e-05,0.007423067188501551,0.0002840174824603594,0.4280447252175359,0.9487934120057753,-0.008665851992709249,0.020432036695858823,-0.0005749042245106872,0.0005384238486933945
2018,start2018,m2,neutral,comparative,0.46451428532600403,0.02120409145203011,0.47692921542595557,-6.407351085555727e-05,0.009849603386826998,5.177609242912192e-05,0.0074041192690523115,0.00026899237237404427,0.18342373868069795,0.8473649497838176,-0.0046622037177545626,0.02436141049140856,-0.00047543926953999186,0.0005789914543982357
2018,start2018,m2,sadness,comparative,0.0314038060605526,-0.02639613659470393,-0.14723306342284903,2.973325123813394e-05,-0.0008289391543679375,5.313231965340294e-05,0.0018801811137903112,7.075608148457317e-05,0.6592979846822926,0.45269941704742633,-0.004514026421809352,0.0028561481130734774,-8.554705174354184e-05,0.0001918116910503477
2018,start2018,m2,surprise,comparative,0.1738494634628296,-0.06945498037688957,-0.9846427027853062,0.00025036290836640636,-0.012074711073343609,-0.00040380225791275835,0.0029904507912062285,0.00011588548960031173,5.3964905593070355e-05,0.0004930690780383851,-0.017935886921647125,-0.0062135352250400925,-0.0006309336438601603,-0.0001766708719653564
2018,start2018,m3,anger,comparative,0.009342498446220884,-0.019364377603957712,-0.09933972429789314,-6.433227647006687e-06,-0.00018091166767700943,6.875023758899598e-05,0.0007562134660352532,2.3565340011327465e-05,0.8109244521650998,0.0035292848761526484,-0.001663062825730309,0.0013012394903762904,2.256301988335344e-05,0.00011493745529463851
2018,start2018,m3,disgust,comparative,0.006130921553270664,-0.01112200134258062,-0.054815860867510495,1.1907051017821346e-06,-6.818811774673278e-05,2.3526625695246748e-05,0.0004175907720840096,1.6707699207565962e-05,0.8702906339014225,0.1590923451010927,-0.0008866509913076658,0.0007502747558142003,-9.219863016110938e-06,5.627311440660444e-05
2018,start2018,m3,fear,comparative,0.012914808888472799,0.01823193248794628,0.11248890544774177,-1.9195040807014613e-05,0.00023546192374936459,7.017445796443242e-05,0.0008207388115945895,3.142495145181467e-05,0.7741963926788973,0.025543611810529394,-0.0013731565876902358,0.0018440804351889648,8.582684902955985e-06,0.00013176623102590886
2018,start2018,m3,joy,comparative,0.014631953197117162,-0.02736203101601127,-0.23351089274738746,1.1347784706948256e-05,-0.00040035995720434506,1.2022122894174222e-05,0.0007369484710820688,2.2924393170267057e-05,0.586945821002097,0.599983032497492,-0.0018447524189870576,0.0010440325045783672,-3.2908862086985204e-05,5.695310787533365e-05
2018,start2018,m3,sadness,comparative,0.010898544879338381,-0.05816108963265591,-0.3954701060573112,-2.222090172581126e-06,-0.0006338712455927227,5.991999963034407e-05,0.000500860671630862,1.9993182359113832e-05,0.20566921404828564,0.0027263138430230448,-0.001615540123261755,0.0003477976320763093,2.0734082270139406e-05,9.910591699054873e-05
2018,start2018,m3,surprise,comparative,0.008495854447289402,-0.07401420145124832,-0.5270652359364885,3.031921316122961e-06,-0.0006288138825621618,2.4624720976856223e-05,0.0005415768865256042,1.6219076339068576e-05,0.24560952411872083,0.12894970407472486,-0.0016902850750116817,0.0004326573098873581,-7.164084510223937e-06,5.641352646393639e-05
2019,start2019,m1,anger,comparative,0.049739938229322433,0.04287207108424481,0.1873535019896252,5.5125744791084246e-05,0.0021324541674934572,0.00022924267389929512,0.0034800380327726413,0.0001315541975089681,0.5400300903952854,0.08140838747190757,-0.00468829504157054,0.008953203376557455,-2.8598815233351244e-05,0.0004870841630319415
2019,start2019,m1,disgust,comparative,0.0843328908085823,0.0033145220054395363,0.017656443541653563,-9.201027351284163e-05,0.00027952322236737565,0.0005064742470514417,0.0055754612593442825,0.00020105447083786592,0.9600151701300312,0.011765867778382127,-0.010648180043145751,0.011207226487880504,0.00011241472527846595,0.0009005337688244176
2019,start2019,m1,fear,comparative,0.028717810288071632,0.20608066273408757,0.6325172134922441,-2.4049923859469313e-05,0.0059181853764376,-4.683799009668933e-05,0.003458156569583123,0.00014996094607073652,0.08701283332736132,0.7547862575367613,-0.0008596769528459022,0.012696047705721102,-0.00034075604348288624,0.00024708006328950753
2019,start2019,m1,joy,comparative,0.05142775923013687,-0.07785096353029292,-0.30641527916917727,2.3908818797114927e-05,-0.00400370060827007,-0.00029637058524900834,0.005455195140658689,0.0001942896846937091,0.46299483882985326,0.1271579472083698,-0.014695686612599014,0.006688285396058874,-0.0006771713698163211,8.443019931830446e-05
2019,start2019,m1,neutral,comparative,0.6344670057296753,0.02373821496423469,0.48938877138728043,-0.00013556151506968615,0.015061114169725354,-0.0004143539079592362,0.009749743431477624,0.00031548477736868314,0.12240183151234627,0.18905225269233117,-0.004048031814476749,0.034170260153927455,-0.0010326927092724923,0.00020398489335401987
2019,start2019,m1,sadness,comparative,0.029191087931394577,-0.02092875062060585,-0.08944387871161992,-4.5390817733906356e-05,-0.0006109329996603342,0.00019915736725677576,0.0029358144249857538,0.00011509591350235457,0.8351535419681239,0.0835659720896977,-0.00636502353792558,0.005143157538604911,-2.642647797557651e-05,0.00042474121248912804
2019,start2019,m1,surprise,comparative,0.12212350219488144,-0.153751396437462,-1.403479061725711,0.00021797820329526893,-0.018776659000296476,-0.00017731186102751205,0.004351676454012477,0.00016147294039226426,1.5973991207708307e-05,0.2721650836142123,-0.027305788122531906,-0.010247529878061047,-0.000493793008674133,0.00013916928661910887
2019,start2019,m2,anger,comparative,0.08658622205257416,-0.01259760162654819,-0.10407829883061037,-5.105724101619183e-05,-0.001090778731766171,0.0005733254822892623,0.004246265968281353,0.00017954043290433502,0.7972717866851821,0.001406593992315357,-0.009413307098375722,0.00723174963484338,0.00022143270002803562,0.0009252182645504889
2019,start2019,m2,disgust,comparative,0.003974447026848793,-0.06883547486838378,-0.21493443957318126,1.1235778451536427e-05,-0.0002735829484323727,1.0947810988000884e-05,0.000365900769084546,1.3738526534672511e-05,0.45464287335870124,0.4255269014531534,-0.0009907352777535896,0.0004435693808888443,-1.597920622060511e-05,3.787482819660688e-05
2019,start2019,m2,fear,comparative,0.004877029452472925,0.09653566570654945,0.222703940186784,2.7014803114218028e-05,0.00047080728486492224,-5.5307892798276576e-05,0.0009239001726134171,3.844627767503482e-05,0.6103410096136566,0.15027068697237594,-0.0013400037787677146,0.002281618348497559,-0.00013066121238097114,2.0045426784417996e-05
2019,start2019,m2,joy,comparative,0.22181442379951477,0.016883671101246316,0.17293502514465983,-0.00021411325337984108,0.0037450417769434707,-0.00014455081078842378,0.008242687001026797,0.00033656671634102464,0.6495789472625922,0.6675693248697308,-0.01241032788090552,0.01990041143479246,-0.0008042094532117404,0.000515107831634893
2019,start2019,m2,neutral,comparative,0.46477624773979187,0.02258484425136971,0.4934554922591175,-0.0001038469815287196,0.010496899166939222,9.154956310222026e-05,0.008143436081017795,0.00031897714626026596,0.19739765717011104,0.7741048257101891,-0.00546394226225966,0.026457740596138105,-0.0005336341554592662,0.0007167332816637067
2019,start2019,m2,sadness,comparative,0.03157101944088936,0.008200384289529348,0.045104456024470455,-2.9219961901789983e-05,0.0002588944918274947,0.00011208553279332267,0.0019001836227548969,7.516221401268599e-05,0.8916259486356783,0.13589628583460509,-0.003465396972784948,0.003983185956439937,-3.522969966983364e-05,0.00025940076525647897
2019,start2019,m2,surprise,comparative,0.1742250919342041,-0.08141122063977534,-1.146996283804796,0.000370255029595739,-0.014183877400440631,-0.0005236943791420361,0.0028741613817239125,0.00013377131358699828,8.016633798596772e-07,9.046112295089682e-05,-0.01981713019437538,-0.008550624606505883,-0.0007858813359371663,-0.0002615074223469059
2019,start2019,m3,anger,comparative,0.009225965823247128,-0.02227696127685429,-0.10905811484923468,-4.999486358131825e-06,-0.00020552648338605737,6.731649630012044e-05,0.0007758138963066586,2.8813240031607936e-05,0.7910732099201989,0.019475388086513466,-0.0017260937788528006,0.0013150408120806856,1.084358356026116e-05,0.00012378940903997972
2019,start2019,m3,disgust,comparative,0.0061150956692173465,-0.022691200699859755,-0.11492466777618458,4.696799239617236e-06,-0.00013875886312905402,2.0020531557409974e-05,0.00042830674879920996,1.8503694884881538e-05,0.7459601711431882,0.2792637259583828,-0.0009782246651109496,0.0007007069388528415,-1.624604399787586e-05,5.628710711269581e-05
2019,start2019,m3,fear,comparative,0.012799535968655889,0.016869162569557634,0.10234233463633657,-1.6991960065985476e-05,0.00021591745307015652,6.797137722340059e-05,0.0008366534006381539,3.732222503968262e-05,0.7963507532860139,0.06857588649930008,-0.0014238930797235857,0.001855727985863899,-5.178839677276342e-06,0.00014112159412407754
2019,start2019,m3,joy,comparative,0.014632659707992756,-0.023096591825221672,-0.19769430888145095,8.160384536812745e-06,-0.000337964568592876,1.5209523064310675e-05,0.0008581719359904543,2.9633939703996917e-05,0.6937145424215082,0.6077787318522754,-0.002019950655677179,0.001344021518491427,-4.287193147555483e-05,7.329097760417618e-05
2019,start2019,m3,sadness,comparative,0.010857333367027166,-0.07008254261018565,-0.46361465324512546,5.476395882465619e-06,-0.0007609095283276718,5.222151357529809e-05,0.0005349790818900362,2.3503404494720086e-05,0.15493441651096626,0.02629208018784151,-0.001809449261314447,0.00028763020465910345,6.1556872515699005e-06,9.828733989902629e-05
2019,start2019,m3,surprise,comparative,0.0085250845023582,-0.06831148886072876,-0.4770383058426603,5.731749534434572e-07,-0.0005823612150196135,2.7083467339538553e-05,0.0006113902403752075,2.0765969814890526e-05,0.34083350751114405,0.19215736489041346,-0.0017806640666543066,0.0006159416366150796,-1.3617085601692769e-05,6.778402028076988e-05
2020,start2020,m1,anger,comparative,0.050518929958343506,0.04812386765809734,0.20227602615655182,1.6809278885192024e-05,0.002431166299544012,0.0002675591398052036,0.003457835946492768,0.00014990548178353034,0.48200030816655237,0.07428528196899722,-0.004346067620029783,0.009208400219117807,-2.6250205575640998e-05,0.0005613684851860483
2020,start2020,m1,disgust,comparative,0.08504116535186768,0.004929470150796584,0.025134819884510103,-0.0001221780526955253,0.0004192078861909883,0.0005366420262341291,0.005535831030497201,0.00020578279627436315,0.9396368682438841,0.00911240454722906,-0.01043082155808278,0.011269237330464756,0.00013331515689843408,0.000939968895569824
2020,start2020,m1,fear,comparative,0.02858000062406063,0.0783752596208928,0.23578898369438442,0.00023501835273010498,0.0022399649688760303,-0.00030590626668625695,0.003367500860448235,0.0001492494431843378,0.5059409265960513,0.040400465242499774,-0.004360215435510153,0.008840145373262213,-0.0005984298000402161,-1.338273333229787e-05
2020,start2020,m1,joy,comparative,0.05147571489214897,-0.07536789172408848,-0.28448390524379186,2.4522329662358037e-05,-0.003879616106411532,-0.0002969840961142578,0.006366903945021686,0.0002773524300177638,0.5422983852724645,0.2842672897058316,-0.016358518531680025,0.00859928631885696,-0.0008405848699737407,0.0002466166777452251
2020,start2020,m1,neutral,comparative,0.6323111057281494,0.031079707218324065,0.5746514412332508,-0.00044992195457970883,0.019652044036925637,-9.999346844920841e-05,0.009500396806441096,0.0004191072172310098,0.03858835160286609,0.8114259671731481,0.001031608457461742,0.038272479616389535,-0.0009214285198827924,0.0007214415829843756
2020,start2020,m1,sadness,comparative,0.029844550415873528,0.027604181140177306,0.1216535508427572,-0.00014382860406774082,0.0008238343757269267,0.00029759515359061527,0.0030999319118298935,0.00013389257211643383,0.7904249278812279,0.026240000493994425,-0.005251920525986059,0.006899589277439912,3.517053444497309e-05,0.0005600197727362575
2020,start2020,m1,surprise,comparative,0.12222857028245926,-0.17742669110691564,-1.6897363741032276,0.0004395783803209104,-0.021686610783945827,-0.0003989120380531838,0.0042619803335862474,0.00017294571582018492,3.611194159210624e-07,0.021078597631056534,-0.030039938740592877,-0.013333282827298776,-0.0007378794123412452,-5.9944663765122274e-05
2020,start2020,m2,anger,comparative,0.0871376320719719,0.016788549611304767,0.14075879640240574,-0.00024084085259451046,0.0014629144590519215,0.0007631090938675825,0.004221466561242098,0.00019773009571439086,0.7289356048694224,0.00011369031054571905,-0.0068110079629227415,0.009736836881026584,0.00037556522760771876,0.0011506529601274464
2020,start2020,m2,disgust,comparative,0.004048985429108143,-0.025913113637233413,-0.07957893680688026,-4.130290398577654e-07,-0.00010492181953998161,2.2596618479396375e-05,0.00044734532210995826,2.6603476823877822e-05,0.8145632714653706,0.3956665885602697,-0.0009817025395279693,0.0007718589004480061,-2.9545237958950185e-05,7.473847491774294e-05
2020,start2020,m2,fear,comparative,0.005010560620576143,0.006102192494730174,0.016731218767138296,5.835747367152044e-05,3.05754054132703e-05,-8.665056335557683e-05,0.00098128720929677,4.238981777764786e-05,0.9751431621197031,0.04094008841305059,-0.0018927121832982168,0.0019538629941247576,-0.00016973307951098236,-3.568047200171306e-06
2020,start2020,m2,joy,comparative,0.22168315947055817,0.019046526426444072,0.19458733894325458,-0.00025008558308710956,0.0042222941551536015,-0.0001085784810811687,0.009825637500310958,0.0004623363850905536,0.6673977627353664,0.8143272048435293,-0.01503560147060204,0.023480189780909246,-0.001014741144601095,0.0007975841824387576
2020,start2020,m2,neutral,comparative,0.4625195562839508,0.024323464990968824,0.506764415673639,-0.0001698346949424997,0.011250078234911112,0.0001575372765160241,0.009178242150846646,0.0004180856959802353,0.22029900556863236,0.7063176432806101,-0.006738945822135755,0.029239102291957978,-0.0006618956300565996,0.0009769701830886477
2020,start2020,m2,sadness,comparative,0.03194224089384079,0.02724970798192886,0.1459780034727791,-6.883675362966925e-05,0.0008704167366455878,0.0001517023245212046,0.002129694741996062,0.00010365735969689488,0.6827562167085786,0.14333119763110266,-0.003303708255731016,0.005044541729022192,-5.1462367217223104e-05,0.0003548670162596323
2020,start2020,m2,surprise,comparative,0.17552140355110168,-0.10093541955165024,-1.5128625343930753,0.0006301040283772059,-0.01771632650772496,-0.0007835433779235197,0.003201790417073268,0.0001412918588588371,3.143398953651848e-08,2.9300419828358067e-08,-0.023991720411234044,-0.011440932604215876,-0.001060470332595557,-0.0005066164232514824
2020,start2020,m3,anger,comparative,0.009293610492544275,-0.06187440810586009,-0.2985948694613594,1.9310105083806308e-05,-0.0005750366483925879,4.30069048581827e-05,0.0008592502016807966,4.301465372497394e-05,0.5033482999422277,0.3173976952576718,-0.002259136097395727,0.0011090628006105514,-4.13002672502279e-05,0.00012731407696659332
2020,start2020,m3,disgust,comparative,0.006131164752627936,-0.07326883776329074,-0.35681541724095517,2.5760324519015583e-05,-0.0004492233155603029,-1.042993721987541e-06,0.0004360776801906109,2.14865956187148e-05,0.3029418643431847,0.9612846117869758,-0.0013039198631956761,0.0004054732320750703,-4.315594728504467e-05,4.1069959841069584e-05
2020,start2020,m3,fear,comparative,0.012733103988608436,-0.01837327643493153,-0.10703342037797045,1.3248589038642421e-05,-0.00023394883945743202,3.773082811877352e-05,0.0009870002397741225,6.126427747752876e-05,0.8126333810147399,0.5379803493044313,-0.0021684337621471097,0.0017005360832322459,-8.234494927605125e-05,0.00015780660551359827
2020,start2020,m3,joy,comparative,0.014578515866046018,-0.0688604089456932,-0.5761239241904526,5.661826271233556e-05,-0.0010038825643572055,-3.324835511121305e-05,0.0008410713014559798,3.3665917108959823e-05,0.23264384595147536,0.3233501089183962,-0.002652352023641157,0.0006445868949267457,-9.923234015128512e-05,3.2735629928859025e-05
2020,start2020,m3,sadness,comparative,0.010943374950970645,-0.06624742335230828,-0.436019068310049,3.5021604754821913e-07,-0.0007249703932799982,5.7347693410216316e-05,0.0005696792954521503,3.1387909957635876e-05,0.20316218622023985,0.06769027611821084,-0.0018415212951043655,0.00039158050854436893,-4.171479656736142e-06,0.00011886686647716877
2020,start2020,m3,surprise,comparative,0.008443579272640726,-0.12697995843408977,-0.8500570458871499,3.651342616618375e-05,-0.0010721653450748612,-8.856783873203192e-06,0.0005966200755828893,2.289142745841775e-05,0.07232522443866692,0.6988273113433976,-0.002241519205670889,9.718851552116678e-05,-5.372315724641325e-05,3.600958950000686e-05
2021,start2021,m1,anger,comparative,0.051085203886032104,0.030811062898405978,0.13687580662978374,0.00017981516499175946,0.0015739894301104286,0.00010455325369863996,0.0038508641290070354,0.00020771601807653518,0.6827329104875677,0.6147202626396399,-0.005973565572100565,0.009121544432321422,-0.0003025626607434398,0.0005116691681407197
2021,start2021,m1,disgust,comparative,0.08561114221811295,-0.017674521702187675,-0.09119731633570385,0.0001586742419381382,-0.0015131359910831126,0.0002557897316004613,0.006618510841345096,0.00047691991500187214,0.8191628641483738,0.5917257574372197,-0.014485178871407392,0.011458906889241168,-0.000678956125313112,0.0011905355885140345
2021,start2021,m1,fear,comparative,0.029663171619176865,0.026348670302557387,0.09134926160487417,0.00043962381250067155,0.0007815851291218686,-0.0005105117264568133,0.0037941942727464334,0.0001695720798218278,0.8367948005231218,0.002607420876390364,-0.006654898995809283,0.008218069254053021,-0.000842866895691147,-0.00017815655722247954
2021,start2021,m1,joy,comparative,0.05135605111718178,-0.09037873646904955,-0.3148291396144114,7.635196707701205e-05,-0.00464149501001081,-0.0003488137335289159,0.00800867646543554,0.0005695729167041294,0.5622125129205902,0.5402646881797032,-0.020338212446098007,0.011055222426076386,-0.0014651561368384418,0.0007675286697806101
2021,start2021,m1,neutral,comparative,0.6292826533317566,0.043219259013052465,0.7761317496911524,-0.0014416756837264475,0.02719712998676609,0.0008917602606975454,0.008685631438236705,0.000570155464397495,0.0017404709058264792,0.11780228206668929,0.010173605184833318,0.04422065478869886,-0.0002257239151102539,0.0020092444365053448
2021,start2021,m1,sadness,comparative,0.029549209401011467,0.04196937457730327,0.18647812633551328,-0.00014752688681478234,0.0012401618378142215,0.0003012934363376555,0.003545180138672274,0.00023925058230636905,0.7264765571544789,0.20791417900954412,-0.00570826355269015,0.008188587228318592,-0.00016762908826306372,0.0007702159609383748
2021,start2021,m1,surprise,comparative,0.12345261871814728,-0.1995765212348626,-2.0105269881540564,0.0007347369515024138,-0.024638244181101717,-0.0006940706092347065,0.004650825056809286,0.00025966537426065205,1.1733004189600198e-07,0.0075189141772474604,-0.03375369379084437,-0.015522794571359065,-0.0012030053908176986,-0.00018513582765171453
2021,start2021,m2,anger,comparative,0.08704012632369995,0.02674367567547073,0.24080581778881546,-0.00028573222487811707,0.0023277729091530338,0.0008080004661511831,0.004631682583553674,0.0003355358663143607,0.615262345311407,0.016036240069761086,-0.006750158142433596,0.011405703960739665,0.0001503622526535898,0.0014656386796487765
2021,start2021,m2,disgust,comparative,0.004076847806572914,-0.2425045543993495,-0.8760926896367891,9.033929560289298e-05,-0.00098865416068693,-6.815570616335492e-05,0.00037338930730999355,2.7041764690368458e-05,0.00810213211048775,0.011722594476552717,-0.0017204837552268757,-0.0002568245661469842,-0.00012115659103488403,-1.5154821291825819e-05
2021,start2021,m2,fear,comparative,0.005412335507571697,0.02010885459193069,0.06947467012972827,5.933409809823268e-05,0.00010883586772450265,-8.762718778228728e-05,0.0009345206421299297,3.653908517131958e-05,0.9072866341813925,0.01647690837563458,-0.0017227909336594042,0.0019404626691084097,-0.0001592424787461152,-1.601189681845936e-05
2021,start2021,m2,joy,comparative,0.21862353384494781,-0.008740432327916686,-0.07988512467601908,0.0003362175209720283,-0.0019108642028617697,-0.0006948815851403153,0.011318999613364395,0.0008696085544902065,0.865938873506254,0.4242475052380543,-0.024095695786078782,0.02027396738035524,-0.002399283032589057,0.0010095198623084264
2021,start2021,m2,neutral,comparative,0.463181734085083,0.03653055202479524,0.6779754417989083,-0.0007763442255762801,0.01692028443393,0.0007640468071498234,0.010926308897805992,0.000800041357904346,0.12148225446211017,0.3395730761278155,-0.0044948874897292775,0.03833545635758928,-0.000804005440485214,0.002332099054784861
2021,start2021,m2,sadness,comparative,0.0313761867582798,-0.013756469808996825,-0.08967898005784478,0.0001012527129866881,-0.00043162556586172205,-1.8387142095154394e-05,0.001983741125438805,0.00012269210627600895,0.8277551229672065,0.8808718357634578,-0.004319686726372733,0.0034564355946492893,-0.00025885925158349266,0.0002220849673931839
2021,start2021,m2,surprise,comparative,0.17717155814170837,-0.08416869936098127,-1.55841438685308,0.0003277832134203381,-0.014912299612546066,-0.00048122256296665724,0.002704977320379221,0.0001713599206118341,3.529464464228204e-08,0.004981057884393269,-0.020213957739487004,-0.00961064148560513,-0.0008170818357594949,-0.0001453632901738195
2021,start2021,m3,anger,comparative,0.009612780914506177,0.041292814221586975,0.20986001091727932,-6.660043155752621e-05,0.00039693877645552054,0.00012891744149951616,0.0007577174668428786,4.40184026102752e-05,0.6003750876866049,0.0034036422127139473,-0.0010881601690134442,0.001882037721924485,4.2642957726392864e-05,0.00021519192527263945
2021,start2021,m3,disgust,comparative,0.006381590929349605,-0.04830703080883588,-0.24933335822836253,1.9376282872825907e-05,-0.00030827570963347893,5.341047924202817e-06,0.00045734836298810946,2.8620638742969877e-05,0.500279462730937,0.8519623016307569,-0.0012046620294785249,0.000588110610211567,-5.075437322654987e-05,6.14364690749555e-05
2021,start2021,m3,fear,comparative,0.013047514292863245,0.09607765419532337,0.6068267016436505,-0.00012137287699568468,0.001253574566338254,0.00017235229415310242,0.0008391926839064174,4.206688083255487e-05,0.13523147347150083,4.18354914062363e-05,-0.00039121287020783,0.002898362002884338,8.990272277935656e-05,0.0002548018655268483
2021,start2021,m3,joy,comparative,0.01463050242624326,-0.1191249153208761,-0.9066530423858276,0.00013631773300366553,-0.0017428573626281007,-0.00011294782540254299,0.0008468951943582594,5.03282621463207e-05,0.03959613524912501,0.02481807997851208,-0.0034027414422503383,-8.297328300586318e-05,-0.00021158940661382208,-1.4306244191263898e-05
2021,start2021,m3,sadness,comparative,0.010973272116218742,-0.053465622810100026,-0.38068814922256755,3.599438091728451e-07,-0.0005866928279583394,5.733796564859105e-05,0.000529859712690642,3.0747347183843864e-05,0.26818123736704336,0.06220801763583814,-0.0016251987816907382,0.0004518131257740596,-2.925727451891981e-06,0.00011760165874907408
2021,start2021,m3,surprise,comparative,0.008545658608366346,-0.15601021480604835,-0.9854229371411367,6.735221969399068e-05,-0.0013332100351503898,-3.969557740101039e-05,0.0006399883454778903,3.770291127001638e-05,0.037234945619986484,0.29240892707769384,-0.0025875641428124325,-7.885592748834726e-05,-0.0001135919256025518,3.420077080053102e-05
