item_id,is_ai_topic,raw
T0000,0,"{""is_ai_topic"":0}"
T0001,1,"{""is_ai_topic"":1}"
T0002,0,"{""is_ai_topic"":0}"
T0003,0,"{""is_ai_topic"":0}"
T0004,1,"{""is_ai_topic"":1}"
T0005,0,"{""is_ai_topic"":0}"
T0006,0,"{""is_ai_topic"":0}"
T0007,1,"{""is_ai_topic"":1}"
T0008,0,"{""is_ai_topic"":0}"
T0009,0,"{""is_ai_topic"":0}"
T0010,0,"{""is_ai_topic"":0}"
T0011,1,"{""is_ai_topic"":1}"
T0012,1,"{""is_ai_topic"":1}"
T0013,0,"{""is_ai_topic"":0}"
T0014,1,"{""is_ai_topic"":1}"
T0015,1,"{""is_ai_topic"":1}"
T0016,1,"{""is_ai_topic"":1}"
T0017,1,"{""is_ai_topic"":1}"
T0018,0,"{""is_ai_topic"":0}"
T0019,0,"{""is_ai_topic"":0}"
T0020,0,"{""is_ai_topic"":0}"
T0021,1,"{""is_ai_topic"":1}"
T0022,0,"{""is_ai_topic"":0}"
T0023,0,"{""is_ai_topic"":0}"
T0024,1,"{""is_ai_topic"":1}"
T0025,1,"{""is_ai_topic"":1}"
T0026,1,"{""is_ai_topic"":1}"
T0027,1,"{""is_ai_topic"":1}"
T0028,0,"{""is_ai_topic"":0}"
T0029,0,"{""is_ai_topic"":0}"
T0030,0,"{""is_ai_topic"":0}"
T0031,0,"{""is_ai_topic"":0}"
T0032,0,"{""is_ai_topic"":0}"
T0033,0,"{""is_ai_topic"":0}"
T0034,0,"{""is_ai_topic"":0}"
T0035,0,"{""is_ai_topic"":0}"
T0036,0,"{""is_ai_topic"":0}"
T0037,1,"{""is_ai_topic"":1}"
T0038,0,"{""is_ai_topic"":0}"
T0039,0,"{""is_ai_topic"":0}"
T0040,0,"{""is_ai_topic"":0}"
T0041,1,"{""is_ai_topic"":1}"
T0042,0,"{""is_ai_topic"":0}"
T0043,0,"{""is_ai_topic"":0}"
T0044,0,"{""is_ai_topic"":0}"
T0045,0,"{""is_ai_topic"":0}"
T0046,1,"{""is_ai_topic"":1}"
T0047,1,"{""is_ai_topic"":1}"
T0048,1,"{""is_ai_topic"":1}"
T0049,0,"{""is_ai_topic"":0}"
T0050,1,"{""is_ai_topic"":1}"
T0051,1,"{""is_ai_topic"":1}"
T0052,1,"{""is_ai_topic"":1}"
T0053,1,"{""is_ai_topic"":1}"
T0054,0,"{""is_ai_topic"":0}"
T0055,0,"{""is_ai_topic"":0}"
T0056,1,"{""is_ai_topic"":1}"
T0057,0,"{""is_ai_topic"":0}"
T0058,0,"{""is_ai_topic"":0}"
T0059,1,"{""is_ai_topic"":1}"
T0060,1,"{""is_ai_topic"":1}"
T0061,0,"{""is_ai_topic"":0}"
T0062,1,"{""is_ai_topic"":1}"
T0063,0,"{""is_ai_topic"":0}"
T0064,0,"{""is_ai_topic"":0}"
T0065,0,"{""is_ai_topic"":0}"
T0066,0,"{""is_ai_topic"":0}"
T0067,0,"{""is_ai_topic"":0}"
T0068,1,"{""is_ai_topic"":1}"
T0069,0,"{""is_ai_topic"":0}"
T0070,0,"{""is_ai_topic"":0}"
T0071,1,"{""is_ai_topic"":1}"
T0072,1,"{""is_ai_topic"":1}"
T0073,1,"{""is_ai_topic"":1}"
T0074,0,"{""is_ai_topic"":0}"
T0075,0,"{""is_ai_topic"":0}"
T0076,0,"{""is_ai_topic"":0}"
T0077,1,"{""is_ai_topic"":1}"
T0078,0,"{""is_ai_topic"":0}"
T0079,0,"{""is_ai_topic"":0}"
T0080,1,"{""is_ai_topic"":1}"
T0081,1,"{""is_ai_topic"":1}"
T0082,1,"{""is_ai_topic"":1}"
T0083,0,"{""is_ai_topic"":0}"
T0084,1,"{""is_ai_topic"":1}"
T0085,0,"{""is_ai_topic"":0}"
T0086,0,"{""is_ai_topic"":0}"
T0087,1,"{""is_ai_topic"":1}"
T0088,1,"{""is_ai_topic"":1}"
T0089,0,"{""is_ai_topic"":0}"
T0090,0,"{""is_ai_topic"":0}"
T0091,0,"{""is_ai_topic"":0}"
T0092,0,"{""is_ai_topic"":0}"
T0093,1,"{""is_ai_topic"":1}"
T0094,1,"{""is_ai_topic"":1}"
T0095,0,"{""is_ai_topic"":0}"
T0096,0,"{""is_ai_topic"":0}"
T0097,1,"{""is_ai_topic"":1}"
T0098,1,"{""is_ai_topic"":1}"
T0099,0,"{""is_ai_topic"":0}"
T0100,0,"{""is_ai_topic"":0}"
T0101,0,"{""is_ai_topic"":0}"
T0102,1,"{""is_ai_topic"":1}"
T0103,0,"{""is_ai_topic"":0}"
T0104,0,"{""is_ai_topic"":0}"
T0105,1,"{""is_ai_topic"":1}"
T0106,0,"{""is_ai_topic"":0}"
T0107,0,"{""is_ai_topic"":0}"
T0108,0,"{""is_ai_topic"":0}"
T0109,0,"{""is_ai_topic"":0}"
T0110,1,"{""is_ai_topic"":1}"
T0111,0,"{""is_ai_topic"":0}"
T0112,0,"{""is_ai_topic"":0}"
T0113,1,"{""is_ai_topic"":1}"
T0114,0,"{""is_ai_topic"":0}"
T0115,0,"{""is_ai_topic"":0}"
T0116,1,"{""is_ai_topic"":1}"
T0117,0,"{""is_ai_topic"":0}"
T0118,1,"{""is_ai_topic"":1}"
T0119,0,"{""is_ai_topic"":0}"
T0120,0,"{""is_ai_topic"":0}"
T0121,0,"{""is_ai_topic"":0}"
T0122,1,"{""is_ai_topic"":1}"
T0123,0,"{""is_ai_topic"":0}"
T0124,0,"{""is_ai_topic"":0}"
T0125,1,"{""is_ai_topic"":1}"
T0126,0,"{""is_ai_topic"":0}"
T0127,1,"{""is_ai_topic"":1}"
T0128,0,"{""is_ai_topic"":0}"
T0129,1,"{""is_ai_topic"":1}"
T0130,0,"{""is_ai_topic"":0}"
T0131,0,"{""is_ai_topic"":0}"
T0132,1,"{""is_ai_topic"":1}"
T0133,1,"{""is_ai_topic"":1}"
T0134,0,"{""is_ai_topic"":0}"
T0135,0,"{""is_ai_topic"":0}"
T0136,1,"{""is_ai_topic"":1}"
T0137,0,"{""is_ai_topic"":0}"
T0138,0,"{""is_ai_topic"":0}"
T0139,0,"{""is_ai_topic"":0}"
T0140,1,"{""is_ai_topic"":1}"
T0141,1,"{""is_ai_topic"":1}"
T0142,0,"{""is_ai_topic"":0}"
T0143,1,"{""is_ai_topic"":1}"
T0144,0,"{""is_ai_topic"":0}"
T0145,1,"{""is_ai_topic"":1}"
T0146,0,"{""is_ai_topic"":0}"
T0147,0,"{""is_ai_topic"":0}"
T0148,0,"{""is_ai_topic"":0}"
T0149,1,"{""is_ai_topic"":1}"
T0150,0,"{""is_ai_topic"":0}"
T0151,0,"{""is_ai_topic"":0}"
T0152,0,"{""is_ai_topic"":0}"
T0153,1,"{""is_ai_topic"":1}"
T0154,0,"{""is_ai_topic"":0}"
T0155,0,"{""is_ai_topic"":0}"
T0156,1,"{""is_ai_topic"":1}"
T0157,0,"{""is_ai_topic"":0}"
T0158,0,"{""is_ai_topic"":0}"
T0159,0,"{""is_ai_topic"":0}"
T0160,0,"{""is_ai_topic"":0}"
T0161,0,"{""is_ai_topic"":0}"
T0162,1,"{""is_ai_topic"":1}"
T0163,1,"{""is_ai_topic"":1}"
T0164,0,"{""is_ai_topic"":0}"
T0165,0,"{""is_ai_topic"":0}"
T0166,0,"{""is_ai_topic"":0}"
T0167,1,"{""is_ai_topic"":1}"
T0168,1,"{""is_ai_topic"":1}"
T0169,1,"{""is_ai_topic"":1}"
T0170,0,"{""is_ai_topic"":0}"
T0171,0,"{""is_ai_topic"":0}"
T0172,0,"{""is_ai_topic"":0}"
T0173,1,"{""is_ai_topic"":1}"
T0174,1,"{""is_ai_topic"":1}"
T0175,1,"{""is_ai_topic"":1}"
T0176,0,"{""is_ai_topic"":0}"
T0177,1,"{""is_ai_topic"":1}"
T0178,1,"{""is_ai_topic"":1}"
T0179,0,"{""is_ai_topic"":0}"
T0180,0,"{""is_ai_topic"":0}"
T0181,0,"{""is_ai_topic"":0}"
T0182,0,"{""is_ai_topic"":0}"
T0183,0,"{""is_ai_topic"":0}"
T0184,1,"{""is_ai_topic"":1}"
T0185,0,"{""is_ai_topic"":0}"
T0186,0,"{""is_ai_topic"":0}"
T0187,0,"{""is_ai_topic"":0}"
T0188,0,"{""is_ai_topic"":0}"
T0189,0,"{""is_ai_topic"":0}"
T0190,0,"{""is_ai_topic"":0}"
T0191,1,"{""is_ai_topic"":1}"
T0192,0,"{""is_ai_topic"":0}"
T0193,0,"{""is_ai_topic"":0}"
T0194,0,"{""is_ai_topic"":0}"
T0195,0,"{""is_ai_topic"":0}"
T0196,0,"{""is_ai_topic"":0}"
T0197,0,"{""is_ai_topic"":0}"
T0198,0,"{""is_ai_topic"":0}"
T0199,0,"{""is_ai_topic"":0}"
T0200,0,"{""is_ai_topic"":0}"
T0201,0,"{""is_ai_topic"":0}"
T0202,0,"{""is_ai_topic"":0}"
T0203,0,"{""is_ai_topic"":0}"
T0204,0,"{""is_ai_topic"":0}"
T0205,1,"{""is_ai_topic"":1}"
T0206,1,"{""is_ai_topic"":1}"
T0207,0,"{""is_ai_topic"":0}"
T0208,1,"{""is_ai_topic"":1}"
T0209,0,"{""is_ai_topic"":0}"
T0210,0,"{""is_ai_topic"":0}"
T0211,1,"{""is_ai_topic"":1}"
T0212,1,"{""is_ai_topic"":1}"
T0213,0,"{""is_ai_topic"":0}"
T0214,0,"{""is_ai_topic"":0}"
T0215,0,"{""is_ai_topic"":0}"
T0216,0,"{""is_ai_topic"":0}"
T0217,0,"{""is_ai_topic"":0}"
T0218,0,"{""is_ai_topic"":0}"
T0219,1,"{""is_ai_topic"":1}"
T0220,1,"{""is_ai_topic"":1}"
T0221,0,"{""is_ai_topic"":0}"
T0222,1,"{""is_ai_topic"":1}"
T0223,0,"{""is_ai_topic"":0}"
T0224,1,"{""is_ai_topic"":1}"
T0225,0,"{""is_ai_topic"":0}"
T0226,1,"{""is_ai_topic"":1}"
T0227,1,"{""is_ai_topic"":1}"
T0228,0,"{""is_ai_topic"":0}"
T0229,0,"{""is_ai_topic"":0}"
T0230,0,"{""is_ai_topic"":0}"
T0231,1,"{""is_ai_topic"":1}"
T0232,0,"{""is_ai_topic"":0}"
T0233,0,"{""is_ai_topic"":0}"
T0234,0,"{""is_ai_topic"":0}"
T0235,0,"{""is_ai_topic"":0}"
T0236,1,"{""is_ai_topic"":1}"
T0237,1,"{""is_ai_topic"":1}"
T0238,0,"{""is_ai_topic"":0}"
T0239,0,"{""is_ai_topic"":0}"
T0240,0,"{""is_ai_topic"":0}"
T0241,0,"{""is_ai_topic"":0}"
T0242,1,"{""is_ai_topic"":1}"
T0243,1,"{""is_ai_topic"":1}"
T0244,1,"{""is_ai_topic"":1}"
T0245,0,"{""is_ai_topic"":0}"
T0246,1,"{""is_ai_topic"":1}"
T0247,0,"{""is_ai_topic"":0}"
T0248,0,"{""is_ai_topic"":0}"
T0249,0,"{""is_ai_topic"":0}"
T0250,1,"{""is_ai_topic"":1}"
T0251,0,"{""is_ai_topic"":0}"
T0252,1,"{""is_ai_topic"":1}"
T0253,1,"{""is_ai_topic"":1}"
T0254,1,"{""is_ai_topic"":1}"
T0255,1,"{""is_ai_topic"":1}"
T0256,0,"{""is_ai_topic"":0}"
T0257,0,"{""is_ai_topic"":0}"
T0258,0,"{""is_ai_topic"":0}"
T0259,0,"{""is_ai_topic"":0}"
T0260,1,"{""is_ai_topic"":1}"
T0261,0,"{""is_ai_topic"":0}"
T0262,1,"{""is_ai_topic"":1}"
T0263,1,"{""is_ai_topic"":1}"
T0264,0,"{""is_ai_topic"":0}"
T0265,1,"{""is_ai_topic"":1}"
T0266,1,"{""is_ai_topic"":1}"
T0267,1,"{""is_ai_topic"":1}"
T0268,0,"{""is_ai_topic"":0}"
T0269,1,"{""is_ai_topic"":1}"
T0270,0,"{""is_ai_topic"":0}"
T0271,0,"{""is_ai_topic"":0}"
T0272,1,"{""is_ai_topic"":1}"
T0273,1,"{""is_ai_topic"":1}"
T0274,0,"{""is_ai_topic"":0}"
T0275,1,"{""is_ai_topic"":1}"
T0276,1,"{""is_ai_topic"":1}"
T0277,1,"{""is_ai_topic"":1}"
T0278,1,"{""is_ai_topic"":1}"
T0279,0,"{""is_ai_topic"":0}"
T0280,0,"{""is_ai_topic"":0}"
T0281,1,"{""is_ai_topic"":1}"
T0282,0,"{""is_ai_topic"":0}"
T0283,1,"{""is_ai_topic"":1}"
T0284,0,"{""is_ai_topic"":0}"
T0285,0,"{""is_ai_topic"":0}"
T0286,0,"{""is_ai_topic"":0}"
T0287,0,"{""is_ai_topic"":0}"
T0288,0,"{""is_ai_topic"":0}"
T0289,0,"{""is_ai_topic"":0}"
T0290,0,"{""is_ai_topic"":0}"
T0291,0,"{""is_ai_topic"":0}"
T0292,0,"{""is_ai_topic"":0}"
T0293,0,"{""is_ai_topic"":0}"
T0294,1,"{""is_ai_topic"":1}"
T0295,1,"{""is_ai_topic"":1}"
T0296,0,"{""is_ai_topic"":0}"
T0297,0,"{""is_ai_topic"":0}"
T0298,1,"{""is_ai_topic"":1}"
T0299,0,"{""is_ai_topic"":0}"
T0300,0,"{""is_ai_topic"":0}"
T0301,0,"{""is_ai_topic"":0}"
T0302,0,"{""is_ai_topic"":0}"
T0303,0,"{""is_ai_topic"":0}"
T0304,0,"{""is_ai_topic"":0}"
T0305,1,"{""is_ai_topic"":1}"
T0306,0,"{""is_ai_topic"":0}"
T0307,1,"{""is_ai_topic"":1}"
T0308,0,"{""is_ai_topic"":0}"
T0309,1,"{""is_ai_topic"":1}"
T0310,1,"{""is_ai_topic"":1}"
T0311,0,"{""is_ai_topic"":0}"
T0312,0,"{""is_ai_topic"":0}"
T0313,0,"{""is_ai_topic"":0}"
T0314,1,"{""is_ai_topic"":1}"
T0315,0,"{""is_ai_topic"":0}"
T0316,0,"{""is_ai_topic"":0}"
T0317,0,"{""is_ai_topic"":0}"
T0318,1,"{""is_ai_topic"":1}"
T0319,0,"{""is_ai_topic"":0}"
T0320,0,"{""is_ai_topic"":0}"
T0321,1,"{""is_ai_topic"":1}"
T0322,1,"{""is_ai_topic"":1}"
T0323,0,"{""is_ai_topic"":0}"
T0324,0,"{""is_ai_topic"":0}"
T0325,0,"{""is_ai_topic"":0}"
T0326,0,"{""is_ai_topic"":0}"
T0327,0,"{""is_ai_topic"":0}"
T0328,0,"{""is_ai_topic"":0}"
T0329,1,"{""is_ai_topic"":1}"
T0330,1,"{""is_ai_topic"":1}"
T0331,0,"{""is_ai_topic"":0}"
T0332,1,"{""is_ai_topic"":1}"
T0333,0,"{""is_ai_topic"":0}"
T0334,1,"{""is_ai_topic"":1}"
T0335,0,"{""is_ai_topic"":0}"
T0336,0,"{""is_ai_topic"":0}"
T0337,0,"{""is_ai_topic"":0}"
T0338,0,"{""is_ai_topic"":0}"
T0339,0,"{""is_ai_topic"":0}"
T0340,1,"{""is_ai_topic"":1}"
T0341,0,"{""is_ai_topic"":0}"
T0342,0,"{""is_ai_topic"":0}"
T0343,1,"{""is_ai_topic"":1}"
T0344,1,"{""is_ai_topic"":1}"
T0345,0,"{""is_ai_topic"":0}"
T0346,1,"{""is_ai_topic"":1}"
T0347,1,"{""is_ai_topic"":1}"
T0348,1,"{""is_ai_topic"":1}"
T0349,0,"{""is_ai_topic"":0}"
T0350,0,"{""is_ai_topic"":0}"
T0351,1,"{""is_ai_topic"":1}"
T0352,0,"{""is_ai_topic"":0}"
T0353,0,"{""is_ai_topic"":0}"
T0354,1,"{""is_ai_topic"":1}"
T0355,0,"{""is_ai_topic"":0}"
T0356,0,"{""is_ai_topic"":0}"
T0357,1,"{""is_ai_topic"":1}"
T0358,0,"{""is_ai_topic"":0}"
T0359,1,"{""is_ai_topic"":1}"
T0360,0,"{""is_ai_topic"":0}"
T0361,0,"{""is_ai_topic"":0}"
T0362,1,"{""is_ai_topic"":1}"
T0363,1,"{""is_ai_topic"":1}"
T0364,1,"{""is_ai_topic"":1}"
T0365,1,"{""is_ai_topic"":1}"
T0366,0,"{""is_ai_topic"":0}"
T0367,1,"{""is_ai_topic"":1}"
T0368,0,"{""is_ai_topic"":0}"
T0369,0,"{""is_ai_topic"":0}"
T0370,0,"{""is_ai_topic"":0}"
T0371,0,"{""is_ai_topic"":0}"
T0372,0,"{""is_ai_topic"":0}"
T0373,0,"{""is_ai_topic"":0}"
T0374,1,"{""is_ai_topic"":1}"
T0375,0,"{""is_ai_topic"":0}"
T0376,0,"{""is_ai_topic"":0}"
T0377,1,"{""is_ai_topic"":1}"
T0378,0,"{""is_ai_topic"":0}"
T0379,0,"{""is_ai_topic"":0}"
T0380,0,"{""is_ai_topic"":0}"
T0381,1,"{""is_ai_topic"":1}"
T0382,1,"{""is_ai_topic"":1}"
T0383,0,"{""is_ai_topic"":0}"
T0384,1,"{""is_ai_topic"":1}"
T0385,1,"{""is_ai_topic"":1}"
T0386,0,"{""is_ai_topic"":0}"
T0387,0,"{""is_ai_topic"":0}"
T0388,0,"{""is_ai_topic"":0}"
T0389,0,"{""is_ai_topic"":0}"
T0390,0,"{""is_ai_topic"":0}"
T0391,0,"{""is_ai_topic"":0}"
T0392,0,"{""is_ai_topic"":0}"
T0393,1,"{""is_ai_topic"":1}"
T0394,0,"{""is_ai_topic"":0}"
T0395,0,"{""is_ai_topic"":0}"
T0396,0,"{""is_ai_topic"":0}"
T0397,0,"{""is_ai_topic"":0}"
T0398,1,"{""is_ai_topic"":1}"
T0399,1,"{""is_ai_topic"":1}"
T0400,1,"{""is_ai_topic"":1}"
T0401,0,"{""is_ai_topic"":0}"
T0402,0,"{""is_ai_topic"":0}"
T0403,0,"{""is_ai_topic"":0}"
T0404,0,"{""is_ai_topic"":0}"
T0405,1,"{""is_ai_topic"":1}"
T0406,0,"{""is_ai_topic"":0}"
T0407,0,"{""is_ai_topic"":0}"
T0408,1,"{""is_ai_topic"":1}"
T0409,1,"{""is_ai_topic"":1}"
T0410,0,"{""is_ai_topic"":0}"
T0411,0,"{""is_ai_topic"":0}"
T0412,0,"{""is_ai_topic"":0}"
T0413,0,"{""is_ai_topic"":0}"
T0414,1,"{""is_ai_topic"":1}"
T0415,0,"{""is_ai_topic"":0}"
T0416,0,"{""is_ai_topic"":0}"
T0417,0,"{""is_ai_topic"":0}"
T0418,0,"{""is_ai_topic"":0}"
T0419,0,"{""is_ai_topic"":0}"
T0420,1,"{""is_ai_topic"":1}"
T0421,1,"{""is_ai_topic"":1}"
T0422,0,"{""is_ai_topic"":0}"
T0423,0,"{""is_ai_topic"":0}"
T0424,0,"{""is_ai_topic"":0}"
T0425,0,"{""is_ai_topic"":0}"
T0426,1,"{""is_ai_topic"":1}"
T0427,1,"{""is_ai_topic"":1}"
T0428,1,"{""is_ai_topic"":1}"
T0429,0,"{""is_ai_topic"":0}"
T0430,0,"{""is_ai_topic"":0}"
T0431,0,"{""is_ai_topic"":0}"
T0432,0,"{""is_ai_topic"":0}"
T0433,0,"{""is_ai_topic"":0}"
T0434,0,"{""is_ai_topic"":0}"
T0435,1,"{""is_ai_topic"":1}"
T0436,0,"{""is_ai_topic"":0}"
T0437,1,"{""is_ai_topic"":1}"
T0438,1,"{""is_ai_topic"":1}"
T0439,0,"{""is_ai_topic"":0}"
T0440,0,"{""is_ai_topic"":0}"
T0441,1,"{""is_ai_topic"":1}"
T0442,0,"{""is_ai_topic"":0}"
T0443,0,"{""is_ai_topic"":0}"
T0444,0,"{""is_ai_topic"":0}"
T0445,0,"{""is_ai_topic"":0}"
T0446,0,"{""is_ai_topic"":0}"
T0447,0,"{""is_ai_topic"":0}"
T0448,0,"{""is_ai_topic"":0}"
T0449,1,"{""is_ai_topic"":1}"
T0450,1,"{""is_ai_topic"":1}"
T0451,0,"{""is_ai_topic"":0}"
T0452,0,"{""is_ai_topic"":0}"
T0453,0,"{""is_ai_topic"":0}"
T0454,0,"{""is_ai_topic"":0}"
T0455,0,"{""is_ai_topic"":0}"
T0456,1,"{""is_ai_topic"":1}"
T0457,0,"{""is_ai_topic"":0}"
T0458,0,"{""is_ai_topic"":0}"
T0459,0,"{""is_ai_topic"":0}"
T0460,0,"{""is_ai_topic"":0}"
T0461,0,"{""is_ai_topic"":0}"
T0462,0,"{""is_ai_topic"":0}"
T0463,1,"{""is_ai_topic"":1}"
T0464,0,"{""is_ai_topic"":0}"
T0465,1,"{""is_ai_topic"":1}"
T0466,1,"{""is_ai_topic"":1}"
T0467,0,"{""is_ai_topic"":0}"
T0468,0,"{""is_ai_topic"":0}"
T0469,1,"{""is_ai_topic"":1}"
T0470,1,"{""is_ai_topic"":1}"
T0471,0,"{""is_ai_topic"":0}"
T0472,1,"{""is_ai_topic"":1}"
T0473,0,"{""is_ai_topic"":0}"
T0474,0,"{""is_ai_topic"":0}"
T0475,0,"{""is_ai_topic"":0}"
T0476,0,"{""is_ai_topic"":0}"
T0477,0,"{""is_ai_topic"":0}"
T0478,0,"{""is_ai_topic"":0}"
T0479,1,"{""is_ai_topic"":1}"
T0480,1,"{""is_ai_topic"":1}"
T0481,0,"{""is_ai_topic"":0}"
T0482,0,"{""is_ai_topic"":0}"
T0483,1,"{""is_ai_topic"":1}"
T0484,1,"{""is_ai_topic"":1}"
T0485,1,"{""is_ai_topic"":1}"
T0486,0,"{""is_ai_topic"":0}"
T0487,1,"{""is_ai_topic"":1}"
T0488,1,"{""is_ai_topic"":1}"
T0489,0,"{""is_ai_topic"":0}"
T0490,0,"{""is_ai_topic"":0}"
T0491,1,"{""is_ai_topic"":1}"
T0492,1,"{""is_ai_topic"":1}"
T0493,1,"{""is_ai_topic"":1}"
T0494,0,"{""is_ai_topic"":0}"
T0495,0,"{""is_ai_topic"":0}"
T0496,0,"{""is_ai_topic"":0}"
T0497,0,"{""is_ai_topic"":0}"
T0498,1,"{""is_ai_topic"":1}"
T0499,0,"{""is_ai_topic"":0}"
T0500,1,"{""is_ai_topic"":1}"
