sample,instrument,emotion,model,pre_mean_ai,rel_b2,std_b2,b1_trend,b2_level,b3_slope,se_b2,se_b3,p_b2,p_b3,ci_b2_lo,ci_b2_hi,ci_b3_lo,ci_b3_hi
stable_keywords,m1,anger,comparative,0.04622472,0.18693272785371784,0.7059835963540058,0.00015143211910131934,0.008640913148949263,-2.7492158671411554e-05,0.002313655911860754,8.850495591186211e-05,0.00018790603366743182,0.7560830844120627,0.004106230889084008,0.013175595408814519,-0.00020095868471196665,0.0001459743673691435
stable_keywords,m1,anger,single_ai,0.04622472,0.20161375775352444,0.7614290306867078,0.00015010443064493743,0.00931953965677312,-5.9542351208974955e-05,0.002337519813004981,7.136308909327504e-05,6.69323407780628e-05,0.40407938047351166,0.004738085010134555,0.013900994303411685,-0.00019941143565731717,8.032673323936726e-05
stable_keywords,m1,anger,single_control,0.04622472,0.014681029899806559,0.05544543433270177,-1.3276884563818372e-06,0.0006786265078238559,-3.205019253756325e-05,0.0021938584898869846,7.867522620858057e-05,0.7570704220091109,0.6837337779580173,-0.003621257119532065,0.0049785101351797765,-0.00018625080238192292,0.00012215041730679642
stable_keywords,m1,disgust,comparative,0.0768427,0.11701696440665715,0.5264243765076545,0.000277840190130095,0.00899189983311007,-0.00027912207478566147,0.003883048909405049,0.00013937699650053465,0.020575731237361942,0.04521584569142532,0.001381263820468638,0.0166025358457515,-0.0005522959682000745,-5.948181371248401e-06
stable_keywords,m1,disgust,single_ai,0.0768427,0.07083649704693255,0.31867224535348077,0.00030838928189575105,0.0054432678988396155,-0.00022016994763097015,0.0031237605092560607,9.149858554813268e-05,0.08141454355609917,0.0161165192508759,-0.0006791901956307612,0.011565725993309992,-0.00039950387994166733,-4.0836015320273004e-05
stable_keywords,m1,disgust,single_control,0.0768427,-0.04618046735972455,-0.20775213115417346,3.0549091765656063e-05,-0.0035486319342704505,5.895212715469123e-05,0.0028612735844917867,9.999261596460318e-05,0.21489103342858917,0.55548245302723,-0.009156625109790175,0.0020593612412492745,-0.00013702979885587584,0.0002549340531652583
stable_keywords,m1,fear,comparative,0.030546622,0.3744940695315366,1.269495546566096,-3.649590405023307e-05,0.011439528914598563,-0.00014975845661585727,0.003757924390281959,0.00013230698066819197,0.0023337109431629146,0.25767589014882974,0.004074132453021281,0.018804925376175844,-0.0004090753736287507,0.00010955846039703619
stable_keywords,m1,fear,single_ai,0.030546622,0.24867865924973165,0.8429945254900141,-3.371548375859374e-05,0.007596293090807804,-0.00012833721147944993,0.0037633233888198685,0.00012749564673187236,0.043538527699952846,0.31412668198616944,0.000220314786543635,0.014972271395071972,-0.0003782240872595616,0.00012154966430066175
stable_keywords,m1,fear,single_control,0.030546622,-0.12581541028180512,-0.4265010210760825,2.7804202916393215e-06,-0.0038432358237907647,2.1421245136407284e-05,0.0012207965628319008,5.037285827312245e-05,0.0016431420546636935,0.6706517303062415,-0.006235953119391579,-0.0014505185281899501,-7.730774287725321e-05,0.0001201502331500678
stable_keywords,m1,joy,comparative,0.054374136,-0.03623028269955345,-0.13706686783243577,-0.00014708676971995742,-0.0019699903199352936,7.502878494836241e-05,0.003689457462512456,9.71041648682151e-05,0.5933752822626015,0.43972191268355754,-0.009201194068952244,0.005261213429081656,-0.00011529188094217879,0.0002653494508389036
stable_keywords,m1,joy,single_ai,0.054374136,-0.06858030377939499,-0.2594538803903533,-0.00012126626834807251,-0.0037289947667257677,8.083040408678023e-05,0.003523501241188462,8.611532207052392e-05,0.2899091984777892,0.3479208677552783,-0.010634930298937332,0.0031769407654857963,-8.79525256885139e-05,0.00024961333386207436
stable_keywords,m1,joy,single_control,0.054374136,-0.03235002107984147,-0.12238701255791731,2.5820501371884974e-05,-0.0017590044467904711,5.801619138417532e-06,0.0022835763370772774,8.990424728927865e-05,0.44113089170517494,0.9485473518759739,-0.006234731823409834,0.002716722929828891,-0.0001704074676057514,0.00018201070588258646
stable_keywords,m1,neutral,comparative,0.64447737,-0.025038827200758368,-0.6973368802423807,-0.0002714995232234476,-0.016136957437156384,0.00018369699392442745,0.007289616952292512,0.00021794392628817204,0.026850061397037734,0.39930475466630344,-0.03042434412474234,-0.0018495707495704283,-0.00024346525224964205,0.0006108592400984969
stable_keywords,m1,neutral,single_ai,0.64447737,-0.020360352415443796,-0.5670403218242974,-0.00024261083307884867,-0.013121786324064315,-2.440391594754741e-05,0.007223945032274793,0.0001695507061525495,0.06930452480927406,0.8855534971171918,-0.027280458413619948,0.0010368857654913174,-0.0003567171935598782,0.0003079093616647834
stable_keywords,m1,neutral,single_control,0.64447737,0.004678474785314508,0.1302965584180815,2.8888690144599247e-05,0.0030151711130920284,-0.00020810090987197522,0.005152525773406042,0.00017320058417484525,0.5584245930453982,0.229556393294846,-0.007083593832198201,0.013113936058382257,-0.00054756781695597,0.00013136599721201952
stable_keywords,m1,sadness,comparative,0.028395038,0.05879768488117152,0.24661053905823657,3.291384571451947e-05,0.0016695625022807583,5.2676325261452424e-05,0.0026324793133228755,8.203644516346195e-05,0.5259393708591054,0.5208025274938314,-0.0034900021418788106,0.006829127146440327,-0.0001081121526786281,0.00021346480320153297
stable_keywords,m1,sadness,single_ai,0.028395038,0.07370729941487526,0.30914477122635764,2.8705881965375214e-05,0.0020929215749932147,5.5458681676454e-05,0.001502133120898046,5.2179837054412576e-05,0.16352919174037472,0.28785570147325024,-0.0008512052419517063,0.005037048391938135,-4.681191966936322e-05,0.00015772928302227124
stable_keywords,m1,sadness,single_control,0.028395038,0.014909615121363903,0.06253423463289814,-4.207963892544976e-06,0.0004233590893990889,2.7823565584022026e-06,0.002265341988825282,7.619589935676519e-05,0.8517505746578964,0.9708710560809218,-0.004016629621364802,0.00486334780016298,-0.00014655886195049625,0.00015212357506730063
stable_keywords,m1,surprise,comparative,0.11913945,-0.1060518663536337,-0.9703339194454372,-7.104003449437176e-06,-0.01263496079640791,0.00014497097234883477,0.005523305447285354,0.000194568833917926,0.022162437906031812,0.4562183085401744,-0.023460440548701098,-0.001809481044114724,-0.0002363769346442555,0.000526318879341925
stable_keywords,m1,surprise,single_ai,0.11913945,-0.06380121154160845,-0.583756625782524,-8.960710723716375e-05,-0.007601241112565578,0.00029616450930319827,0.004072725053014486,0.0001459294023911463,0.06198861306490489,0.04240684013960661,-0.015583635535407954,0.0003811533102767977,1.0148136331098291e-05,0.0005821808822752982
stable_keywords,m1,surprise,single_control,0.11913945,0.04225065481202532,0.3865772936629139,-8.250310378772645e-05,0.00503371968384234,0.0001511935369543631,0.003485130823925679,0.0001039743412009709,0.14864288899293432,0.14590672671141175,-0.0017970112124623952,0.011864450580147075,-5.259242711581894e-05,0.00035497950102454515
topic_masked,m1m,anger,comparative,0.047782492,0.08992120931977576,0.3464942711231232,0.00015643932924408783,0.004296659455292834,4.5558494141326185e-05,0.002363033330280674,8.725428841660099e-05,0.06902114041400514,0.6015765283444494,-0.00033480076632502916,0.008928119676910698,-0.0001254567686518822,0.00021657375693453454
topic_masked,m1m,anger,single_ai,0.047782492,0.10422784274722671,0.40162216096323605,0.0001551625810559399,0.004980266051050069,1.9702142196394974e-05,0.002549668006032667,8.400481613688281e-05,0.05078407911089263,0.8145689934502687,-1.6991413308012e-05,0.00997752351540815,-0.0001449442719598045,0.00018434855635259445
topic_masked,m1m,anger,single_control,0.047782492,0.014306633427451096,0.055127889840113416,-1.2767481881479083e-06,0.000683606595757242,-2.585635194493129e-05,0.002199277587853284,7.847381687172364e-05,0.7559280839739603,0.7417852161672251,-0.0036268982684413194,0.004994111459955803,-0.00017966220674290128,0.00012794950285303873
topic_masked,m1m,disgust,comparative,0.07771492,0.06573442060433622,0.3076429996031674,0.0002541152656616481,0.0051085452414010605,-0.000175508702661603,0.003004983452881514,0.00010314623454405217,0.08912633289352603,0.08883934391158209,-0.0007811141003855214,0.010998204583187642,-0.00037767160750886645,2.6654202185660445e-05
topic_masked,m1m,disgust,single_ai,0.07771492,0.020200731094113644,0.0945412380733777,0.0002848117167499314,0.0015698982018082818,-0.00011594297874752138,0.0027465232514053135,7.900810290665203e-05,0.5675965701474197,0.14224494832493376,-0.0038131884536479806,0.006952984857264545,-0.0002707960149313937,3.891005743635097e-05
topic_masked,m1m,disgust,single_control,0.07771492,-0.04553368951022251,-0.2131017615297894,3.069645108828324e-05,-0.003538647039592774,5.956572391408134e-05,0.0028644306817956385,9.996384741521172e-05,0.21669084455088017,0.5512602971528759,-0.009152828012123738,0.0020755339329381894,-0.000136359816775791,0.0002554912646039537
topic_masked,m1m,fear,comparative,0.030984934,0.21520891252416807,0.7764742007559621,-4.88606313257064e-05,0.006668234041030349,6.952402048939205e-06,0.0025740275683022226,9.240924569584763e-05,0.009581329925010974,0.9400278022956575,0.0016232327119447788,0.01171323537011592,-0.00017416639135343516,0.00018807119545131358
topic_masked,m1m,fear,single_ai,0.030984934,0.09215130650024224,0.3324821041292044,-4.610782772071052e-05,0.0028553021885714394,2.9012813423042792e-05,0.002451266132009534,8.394326403714148e-05,0.2440888268942687,0.7296252466313251,-0.0019490911466900534,0.007659695523832932,-0.00013551296083449084,0.00019353858768057642
topic_masked,m1m,fear,single_control,0.030984934,-0.1230576060239258,-0.44399209662675765,2.752803604995933e-06,-0.0038129318524589085,2.2060411374103577e-05,0.0012162372321663523,4.979965270339415e-05,0.0017184056284502698,0.6577778593525389,-0.006196713024161639,-0.0014291506807561777,-7.554511436715169e-05,0.00011966593711535885
topic_masked,m1m,joy,comparative,0.054373145,0.024616469577162868,0.09559745301064196,-0.00014494037123194647,0.0013384748722538521,-1.7959392688018264e-05,0.0036653279516263076,0.00011243566705809419,0.7149830722211717,0.8730934623226136,-0.00584543590446168,0.008522385648969384,-0.00023832925069961944,0.00020241046532358292
topic_masked,m1m,joy,single_ai,0.054373145,-0.006835359302317077,-0.026544949415505205,-0.00011881197946644566,-0.00037165998317913456,-1.340496253200453e-05,0.0032553046513349826,0.00011042526693310041,0.9091025821380703,0.9033789856971831,-0.006751939858501418,0.006008619892143149,-0.00022983450870410306,0.00020302458364009402
topic_masked,m1m,joy,single_control,0.054373145,-0.03145182982099628,-0.12214240608250262,2.6128391765500816e-05,-0.0017101349066261907,4.55443465651545e-06,0.0022762709897289233,8.897823916679958e-05,0.4524793951514693,0.9591773567990468,-0.006171544065548224,0.0027512742522958424,-0.00016983970951820295,0.00017894857883123387
topic_masked,m1m,neutral,comparative,0.63937116,-0.014841119136149664,-0.4223179050549768,-0.00027072091168679134,-0.00948898350869128,0.0001800095101042693,0.005778715114980139,0.00018910515285735843,0.10057805194011944,0.34114685442346937,-0.02081505701096959,0.0018370899935870304,-0.0001906297787870949,0.0005506487989956335
topic_masked,m1m,neutral,single_ai,0.63937116,-0.010152107377949275,-0.2888876964342614,-0.00024218416177277895,-0.006490964637105941,-4.863259772154799e-05,0.006043937267558276,0.00020408185868854258,0.2828392919418352,0.8116488363432872,-0.018336864006339586,0.005354934732127704,-0.00044862569064908417,0.0003513604952059882
topic_masked,m1m,neutral,single_control,0.63937116,0.004689011758200324,0.1334302086207136,2.853674991401286e-05,0.002998018871585297,-0.00022864210782581624,0.0051477662404885785,0.000173510802172594,0.5603025387211269,0.18759073148042482,-0.007091417560603471,0.013087455303774065,-0.0005687170310127547,0.00011143281536112217
topic_masked,m1m,sadness,comparative,0.028854068,-0.031048679617478477,-0.143549707156863,3.9131493382739735e-05,-0.0008958807244397579,6.317905521984123e-05,0.0023492300896102865,7.515510689813113e-05,0.7029429791092797,0.40054467579526043,-0.005500287091473724,0.0037085256425942077,-8.412224755475357e-05,0.00021048035799443605
topic_masked,m1m,sadness,single_ai,0.028854068,-0.018583752673271794,-0.08591966830763362,3.489107853020722e-05,-0.0005362168701811,7.349862600048346e-05,0.0011046239199439965,3.796110352008621e-05,0.6273718179036205,0.0528485728955767,-0.002701239969732789,0.0016288062293705894,-9.037697122821805e-07,0.0001479010217132491
topic_masked,m1m,sadness,single_control,0.028854068,0.012464926944206754,0.05763003884922968,-4.2404148525324925e-06,0.00035966385425865993,1.03195707806423e-05,0.002268537840522859,7.675995355750546e-05,0.8740278773981742,0.8930550382965446,-0.004086588610732412,0.004805916319249732,-0.00014012717364703562,0.0001607663152083202
topic_masked,m1m,surprise,comparative,0.12091923,-0.05811355567473225,-0.5570747278940884,1.4835801955900546e-05,-0.007027046265283895,-0.00010223155228186062,0.003654607367660455,0.00011390828400966188,0.05450629904511107,0.3694574768301043,-0.014189945083533119,0.00013585255296532858,-0.00032548768648155764,0.00012102458191783641
topic_masked,m1m,surprise,single_ai,0.12091923,-0.01659472992867654,-0.1590765622953076,-6.776137146076554e-05,-0.002006621925207791,5.57667366638955e-05,0.0028744271720755783,8.107744152942939e-05,0.48511807010569485,0.4915657450184091,-0.007640395658659241,0.0036271518082436585,-0.00010314212869243819,0.0002146756020202292
topic_masked,m1m,surprise,single_control,0.12091923,0.04151882574605566,0.3979981655987804,-8.259717341666618e-05,0.005020424340076098,0.0001579982889457558,0.003496865519716686,0.0001042376400531119,0.15108980008076608,0.1295823705997198,-0.0018333061373485447,0.011874154817500742,-4.630373139179333e-05,0.0003623003092833049
