instrument,emotion,diff,p_welch
m1,anger,0.006891563534736633,0.10147133062531205
m1,disgust,0.009028899483382702,0.08440583176869294
m1,fear,0.0013881048653274775,0.5322685846266045
m1,joy,-0.005327275022864342,0.21452776130576104
m1,neutral,-0.0031355228275060654,0.5982917361876666
m1,sadness,-0.0009216899052262306,0.6693451741643505
m1,surprise,-0.007924076169729233,0.0862448114743685
m2,anger,0.001027743681333959,0.7637596598579496
m2,disgust,0.000312766176648438,0.5237987375098004
m2,fear,0.0006427353946492076,0.5132090757862845
m2,joy,-0.01409660093486309,0.09653743127691672
m2,neutral,0.018618881702423096,0.03607474465878542
m2,sadness,0.001830678666010499,0.35643416922781923
m2,surprise,-0.005271681118756533,0.309037725355631
m3,anger,0.0007188932453500469,0.1267824072672497
m3,disgust,0.000281646347024565,0.38012492073768106
m3,fear,0.0005199417679673881,0.38386956237470277
m3,joy,-0.00041027741970327475,0.6087303185160462
m3,sadness,-0.00023176277614067597,0.7298232165882537
m3,surprise,-0.0005646265525552773,0.29262431378696424
