seed,measure,b2,p_b2,std_b2
2026,m1_fear,0.014004432707942336,0.0005632804890383896,0.8578851717152256
2026,m1m_fear,0.01429771516849261,0.0004447353215406073,0.849222535119902
2026,m2_fear,-0.0002774854717846901,0.7506177938342937,-0.07093921576697992
2026,m3_fear,0.000590840064835417,0.5384675767831615,0.2068229815817003
2027,m1_fear,0.009954198261192811,0.0173174023922654,0.5749458632059012
2027,m1m_fear,0.010367708741976173,0.015666058697168205,0.5831752928129057
2027,m2_fear,0.0020372477057450915,0.12960708910678995,0.43374876157420356
2027,m3_fear,-0.00040824472131559643,0.5889816631028921,-0.15242818125685087
2028,m1_fear,0.009427829029350581,0.07916743329458233,0.5566028668019619
2028,m1m_fear,0.009055659907091352,0.0873843757516243,0.5227786750252231
2028,m2_fear,0.0009322748874300987,0.5686408430742418,0.21986793463075677
2028,m3_fear,-0.0007499581225005526,0.22497466464710092,-0.30013810827153004
2029,m1_fear,0.014459781393039073,0.009901393895230568,0.9601056524151087
2029,m1m_fear,0.014952988059714163,0.008435741942069964,0.9584797539399034
2029,m2_fear,0.002958054154906762,0.004508063594650936,0.8952709268830158
2029,m3_fear,0.0005645248345561856,0.3040256177337599,0.2372098603330479
2030,m1_fear,0.00943768199300449,0.04136147895804841,0.5426817349295734
2030,m1m_fear,0.009934976180204643,0.038415105891439746,0.5589935016991298
2030,m2_fear,0.001230270691749147,0.4239235579663493,0.3166016165754565
2030,m3_fear,-0.0009719528755978978,0.1475925234850262,-0.3781392533941627
2031,m1_fear,0.008151471209953576,0.04063335198799011,0.5473793165049677
2031,m1m_fear,0.008950951063517643,0.025473949458702943,0.5827583583365261
2031,m2_fear,0.0011300148463955833,0.31148311169870213,0.30738077818257975
2031,m3_fear,-0.000802771317817949,0.3094928704698573,-0.28859615507607284
2032,m1_fear,0.012004948015613541,0.00015436373011838573,0.9416135392647081
2032,m1m_fear,0.012617465110179553,8.5441828487817e-05,0.9556801809499786
2032,m2_fear,7.663327900704906e-06,0.9934847645217234,0.002330693435368844
2032,m3_fear,0.00016848761719461623,0.8220640900897118,0.05984000712198467
2033,m1_fear,0.010235919832128359,0.004403868554809065,0.5930151497879412
2033,m1m_fear,0.010008107154612353,0.006071480146312502,0.5693678336285004
2033,m2_fear,0.00045045718111314626,0.7473643345080248,0.10997933664743721
2033,m3_fear,0.00046045593251430446,0.5687184221183401,0.16781970550068875
2034,m1_fear,0.0148430213716467,0.003359642207089077,0.8795094327824935
2034,m1m_fear,0.01559523525713624,0.0027238099385698713,0.8872489129688412
2034,m2_fear,0.0007195552407141983,0.5890316278348685,0.17369861342718668
2034,m3_fear,0.0009070769155918856,0.21800857765996884,0.32045541533190997
2035,m1_fear,0.015269407245559061,0.00013339010266784343,0.9314746406621485
2035,m1m_fear,0.01563065676100772,0.0001322602806234274,0.9352472107669852
2035,m2_fear,0.0028903465619366355,0.013294619226368367,0.6914806105835829
2035,m3_fear,-0.00024271789777207843,0.6377380537770969,-0.09919709713666416
