topic,emotion,n_months,b2,p_b2,b3,p_b3
0,anger,138,0.0008088452359056223,0.8669558719084661,-0.00012228126762389504,0.4234513505151758
0,disgust,138,-0.0043845395625248295,0.5038251065086715,-5.3453712691390154e-05,0.7897790667801308
0,fear,138,-0.001883106113573597,0.48543857850750427,3.080900465502644e-05,0.7425888159301051
0,joy,138,-0.0018599062802752066,0.734533640348483,0.0003099035573937338,0.13126815160087266
0,neutral,138,0.013096207544155395,0.1429345222244293,-0.0006747707747005703,0.01248579741970687
0,sadness,138,-0.004368236332957001,0.10934390054058912,0.00027864837300553395,0.028088439795137667
0,surprise,138,-0.0014092616321293016,0.8590716028372257,0.00023114414647007028,0.4032519247545846
1,anger,138,0.0005197564738471604,0.8737571053423043,6.188112636408189e-05,0.5838657349689031
1,disgust,138,0.014397747923935085,0.004145411337584364,2.953633282657835e-05,0.8560635917948018
1,fear,138,-0.0007128241852693797,0.8704417225645137,-0.00015390811167822436,0.311927187484353
1,joy,138,-0.0007782429697189697,0.7927610758251135,-4.5675282204807956e-06,0.9584491744602919
1,neutral,138,-0.013942207909678777,0.07305638115442864,0.00021987643306923158,0.3617012655146342
1,sadness,138,0.0027869316100504796,0.17935488084345996,-0.00019187611571743407,0.024405848126022235
1,surprise,138,-0.0022711644469148567,0.5280886479407214,3.905741743180029e-05,0.8177171887591246
2,anger,138,0.0031601442661162676,0.09724625295503758,-1.6765349971447777e-05,0.8248705934513156
2,disgust,138,0.0016158314341475164,0.6921567556142475,0.00012002290376359614,0.4406189073963658
2,fear,138,0.004387338350364958,0.006386447395766124,-2.779497821154076e-05,0.5764444935911367
2,joy,138,0.0013619335922475482,0.6934084045046375,-0.00019627475480850048,0.047581518012557715
2,neutral,138,-0.004474540729583603,0.5109446876321411,-0.00017432191096586604,0.5415440077577098
2,sadness,138,1.1673304429744397e-05,0.9942906812753779,9.73757608735979e-05,0.12859416689502584
2,surprise,138,-0.006062354661124924,0.14852000305098847,0.0001977584314785499,0.13382654526439827
3,anger,138,-0.004191174929714511,0.08830515185778798,0.0001351698145726758,0.0875721839272056
3,disgust,138,-0.003617291822018615,0.23727930533200958,0.00038861461582829723,2.660745249091347e-05
3,fear,138,-0.001349213386419867,0.5375293654331519,0.0002252539521475204,0.0038990603427776632
3,joy,138,-0.0010582663737792421,0.7598951393439939,-5.3582532521618066e-05,0.6787836309474662
3,neutral,138,0.00708637011701455,0.2886639076473856,-0.0005938832041617144,0.0035763029133864784
3,sadness,138,0.0020681282251217357,0.26165144242198346,-4.156012179212371e-05,0.4833182974195752
3,surprise,138,0.0010614393871159805,0.7777342341602732,-6.0012533308405115e-05,0.6235624888846392
4,anger,138,0.003791480440134354,0.1325657949904309,-0.00011849036743936873,0.19331808340512968
4,disgust,138,0.010057381300552786,0.02113498833328636,-1.7231150399082963e-05,0.9058675079363051
4,fear,138,0.0061535905834231575,0.0040279582104650975,-0.00011109836620415995,0.030338269157055266
4,joy,138,-0.010825353864905036,0.279308153221694,0.00023599507219731827,0.4134186876891829
4,neutral,138,-0.0029676773862673113,0.8653770552891243,-0.00036693595894654336,0.3892804844993296
4,sadness,138,0.0004573699385905669,0.8394582225391322,9.135395929572195e-05,0.22079996668391455
4,surprise,138,-0.0066667938175450974,0.3023784846095766,0.00028640706995664825,0.1093427555855357
5,anger,138,0.006182470833308999,0.10653776572752309,-0.00024585568960226544,0.10498736536940337
5,disgust,138,0.0015664910654373224,0.6961324408718323,-5.155558583181684e-05,0.6410476924747225
5,fear,138,-0.001215252414340853,0.5299538148894116,5.242755893122247e-05,0.40139791865989116
5,joy,138,-0.005228753330662529,0.16344706818910593,0.0002764485301361697,0.13814455099787895
5,neutral,138,-0.004866398678660665,0.5247122998921872,-0.0001287442318919983,0.5960028905657522
5,sadness,138,0.0014891606332508456,0.46764847259468356,4.5913398629763204e-05,0.6090831916189862
5,surprise,138,0.00207227998152657,0.5463980922936638,5.1365349907202775e-05,0.7043171401035404
6,anger,138,-0.003571245718956426,0.34376318437615005,-9.505411169696861e-05,0.5281066117691269
6,disgust,138,-0.007221862167837044,0.2265015795953289,-8.258146509675965e-05,0.6639286210208326
6,fear,138,0.00032277864137678216,0.9028461054403507,7.254471384618518e-05,0.3808481226509979
6,joy,138,0.0036720086670607717,0.2386046960366882,4.41706026424915e-05,0.7768003099416152
6,neutral,138,0.0065737968902123385,0.38750563192429555,7.455703860684447e-05,0.7474516858558445
6,sadness,138,0.002025465669800156,0.35011183751825703,-3.499998983842867e-05,0.604756883219483
6,surprise,138,-0.0018009375986449173,0.6792308178823874,2.136319413055638e-05,0.9140918096658958
7,anger,138,-0.0025230867724681445,0.502546293343023,0.00018751459486685573,0.1778583541350316
7,disgust,138,-0.003214785081264662,0.5337245352292106,6.249467848555463e-05,0.7596570483391474
7,fear,138,-0.00020161874604624993,0.9080295938330012,6.789885452999277e-05,0.30473843504846354
7,joy,138,0.005101657199361527,0.2899621525054785,-0.0002917243642020571,0.08082990846726687
7,neutral,138,0.005919527129289604,0.44148971862658803,0.0001206250425023809,0.6722826751497905
7,sadness,138,-0.0018227110920946202,0.3038022951044962,3.648697581740806e-06,0.9530587938387967
7,surprise,138,-0.0032590035982966847,0.33903639551409626,-0.00015045639585771714,0.2460635856779091
8,anger,138,0.0015720434825246478,0.6024933196394577,0.00013680777391500616,0.108745613617549
8,disgust,138,-0.0021903176339255117,0.6312808866866726,0.0002521337008333795,0.09327678695399137
8,fear,138,-0.005137255176022909,0.11638102912711513,0.0002000783080203402,0.0563224237956376
8,joy,138,0.0032199157242584968,0.21338741677839668,-0.00012160492781955752,0.17244384454970807
8,neutral,138,0.007170025354068526,0.4571656780543967,-0.00021951772962148724,0.4262896789047559
8,sadness,138,-0.0015746897737892662,0.546321495717103,-3.2580194915001555e-05,0.6490228260612928
8,surprise,138,-0.0030597261086161413,0.250841828442939,-0.0002153170884007717,0.016660866799213112
9,anger,138,0.002030333218915777,0.44724518136300573,0.00015868270486180835,0.1491019944184649
9,disgust,138,0.0027325366835261313,0.4142284616812191,-5.0030896526733074e-05,0.6821232417321583
9,fear,138,-0.0008375963534283175,0.7558011630242729,-9.888368489893054e-06,0.9147667016297928
9,joy,138,-0.0003156442843186309,0.9184441584736361,-7.294201726328598e-05,0.3928181113294108
9,neutral,138,-0.0007689429065118827,0.9156387416184366,-0.00013590003409604012,0.6294980205160199
9,sadness,138,-0.0027190005776996182,0.06902133742303841,0.00015234437391122214,0.0036896609552279245
9,surprise,138,-0.00012167801348527324,0.9642234230903497,-4.2265354536771065e-05,0.657324939100508
10,anger,138,-0.009078362586774053,0.010567076741991057,0.000252116704557635,0.11192856543573397
10,disgust,138,-0.019619358810478115,0.0014946554943398194,0.00048282308747113803,0.0689729435388075
10,fear,138,0.005111003412621674,0.2792546184099537,-6.468292293439559e-05,0.7312108340670957
10,joy,138,-0.007016301558613103,0.3004551358560631,-0.0003045793244396312,0.11725710191956107
10,neutral,138,0.030408730583470607,0.008443322956982375,-6.575207927718786e-05,0.8842458766479668
10,sadness,138,0.003253355713548119,0.39859563338295045,-0.0002683383638028458,0.03126493153237756
10,surprise,138,-0.0030590513527831943,0.5676363461464882,-3.15870948694279e-05,0.8695334828729094
11,anger,138,0.0025651693484162186,0.272916435486837,-0.00011588187266539533,0.1254636081536696
11,disgust,138,-0.002984592359659633,0.31963316901743877,3.872421953201104e-05,0.6238630603675301
11,fear,138,0.0014822407903451954,0.3755142409003215,6.830216970990054e-06,0.9230087139318053
11,joy,138,0.006898607559841022,0.10700804356337014,-0.00018592928677553408,0.2156788075731213
11,neutral,138,-0.008469654623768391,0.17412935843400645,0.00038742685029342016,0.08645855583007439
11,sadness,138,-0.0024668003360284333,0.151054618641747,-0.00011211693095930911,0.07381371971434834
11,surprise,138,0.0029750303513236256,0.4287291344828488,-1.9052849455929215e-05,0.8476193522618738
12,anger,138,-0.000908923217376788,0.6280145642405681,0.0001203276020159142,0.07019370542972461
12,disgust,138,0.00015694030385191113,0.9657857731862645,3.255030685517458e-05,0.8043213301537916
12,fear,138,0.0011846776056656462,0.46282312319312113,4.8298495902024865e-05,0.3671181373909562
12,joy,138,7.044117740328649e-05,0.9840097182557445,0.00015568085264517216,0.2343661813834973
12,neutral,138,-0.001854233747881739,0.7167755075902906,-0.0002930131870120495,0.03286539159173216
12,sadness,138,-0.0034190451350960796,0.08648320186490245,0.00011551056370147037,0.04707343762129821
12,surprise,138,0.004770140890289539,0.20331279228286037,-0.00017935458507515296,0.07096417030871466
13,anger,138,0.0035972798060824756,0.38961305607982744,-0.00012836946757579815,0.42556689406428017
13,disgust,138,0.00941601224766412,0.16411778017888123,-0.00025412028995565214,0.34659636867019306
13,fear,138,0.002035550475128218,0.5004240607497057,7.112147766804941e-05,0.475558709823407
13,joy,138,0.007002149051370237,0.3770046833867756,-0.0005309662821073061,0.016212441143846457
13,neutral,138,-0.01705518310591857,0.12918802084218745,0.0006715192421749116,0.06499045600679829
13,sadness,138,-0.0012010712002127832,0.7138849387644615,0.0001274554852202616,0.1718777700505172
13,surprise,138,-0.003794738091910741,0.36768140579753317,4.3359131439137057e-05,0.8446226414820923
14,anger,123,0.0010589567049504181,0.8642634745483226,-0.00039851767280903053,0.03158393241516108
14,disgust,123,-0.004319545369512752,0.7147979059705658,-0.0004559009474444197,0.220653523255688
14,fear,123,0.00039071047392842304,0.9392134468397607,-8.410196912778053e-05,0.5323751566341588
14,joy,123,-0.00545253365107395,0.6698412709497685,0.0015773689718102109,0.041046959523368266
14,neutral,123,0.010175635314954502,0.4912164808649804,0.00012115627150547108,0.852323112199637
14,sadness,123,-0.0073667662373135875,0.14137277742822246,-0.000173360646406091,0.1913410392943714
14,surprise,123,0.005513543095970355,0.6385889785472734,-0.0005866439299965915,0.03404496531995232
15,anger,137,-0.00046175320110344723,0.9359488939200246,0.0001613567636820796,0.4300929401319903
15,disgust,137,-0.0008512549223631253,0.8849708741449787,0.0003842332410841861,0.08641385591732946
15,fear,137,0.00023320815547458941,0.9602081046706215,-0.00016131837235657876,0.39870441562107173
15,joy,137,0.0019189902910357241,0.6399941732051246,-8.035037191408156e-05,0.6194931430724605
15,neutral,137,0.010069723515723933,0.2940750549293417,-0.0004674418873480189,0.09878417916583056
15,sadness,137,0.004077823482624568,0.20658089648940303,-3.392406528343474e-05,0.7511134215044256
15,surprise,137,-0.014986711854096082,0.009743501269824815,0.00019744398365536278,0.3862833771533789
16,anger,138,-0.002942875230683107,0.5609758977320163,5.7176575333170776e-05,0.6893468681161591
16,disgust,138,0.0037335730368697204,0.42911914606110546,-0.0001298427461914003,0.40904763007140654
16,fear,138,-0.002563206453847126,0.27827578869303193,0.00010124530235546755,0.10293196390081508
16,joy,138,0.004843301378712225,0.2328137024695498,-0.00021622510218121928,0.08096978804115033
16,neutral,138,-0.011225507208012173,0.08293301810081753,0.0004200493550475791,0.017007876994480225
16,sadness,138,0.0031846803155436633,0.24056459397157315,-0.00011855040965727637,0.1326107994757549
16,surprise,138,0.004970054794769446,0.22961106826304678,-0.00011385371219815685,0.3946218317742076
17,anger,138,0.0021573884943862365,0.6404702456731017,8.619094005717467e-05,0.6377757380927143
17,disgust,138,-0.001284240442989235,0.7671527357588778,0.0003036064543161334,0.02170180836557129
17,fear,138,0.0008135692053789959,0.8050404139939171,0.00022592526456612674,0.05677409306972251
17,joy,138,-0.001824740392496929,0.38553469056425604,-0.00012792130223287322,0.027777288761368504
17,neutral,138,0.008042189429477544,0.3843211060054058,-0.0005009941495081353,0.174044115933231
17,sadness,138,-0.001349017939604868,0.6385624256805853,4.656830354814756e-05,0.6353058003237141
17,surprise,138,-0.006555152856521768,0.04760044483634155,-3.337459268160396e-05,0.7640571430821611
18,anger,138,-0.0006155241856165401,0.8291171954981505,6.536391397610794e-05,0.48716032896555495
18,disgust,138,-0.0065192667199870415,0.1879086023306965,9.269606770660144e-05,0.5136883446714744
18,fear,138,-0.002266336896854194,0.3959456186966528,2.3778785251122954e-05,0.722380199135363
18,joy,138,0.0010216962381744215,0.749991171560954,-7.720202594289505e-05,0.4631849394197828
18,neutral,138,0.00865309320529238,0.23058337899184433,-0.00027716481794412453,0.1366950002614686
18,sadness,138,-0.00471241986835374,0.009342843351472558,0.00026390013099123583,3.2267966046032053e-06
18,surprise,138,0.004438752486487146,0.3161590251367503,-9.137224618596633e-05,0.5344355779273993
19,anger,138,0.003794555695892158,0.32950688085218116,0.00010984213503067003,0.3928355791232916
19,disgust,138,-0.0014211928080408811,0.7407911373753652,0.00027623132603028653,0.01458749847353927
19,fear,138,-0.0038090907116060994,0.06716950053006385,0.0002633087608905416,0.005935754551019618
19,joy,138,-0.0011572065582835063,0.8628064449777088,-0.0001387072961271049,0.5302858610468903
19,neutral,138,0.0005497177129302187,0.9492996893447968,-0.0005443728163054201,0.09094353876165165
19,sadness,138,0.0032510223134505365,0.35880556780736605,-9.18957858203677e-06,0.9449325704823588
19,surprise,138,-0.0012078022679521971,0.7982510778251446,4.288798094834319e-05,0.7742999400029952
