scenario,effect_sd,method,reject_rate
no_drift,0.0,single,0.1105
no_drift,0.0,cits,0.1035
no_drift,0.0,cits_plac,0.037
no_drift,0.0,local24,0.1735
no_drift,0.0,rcs,0.131
no_drift,0.5,single,0.35
no_drift,0.5,cits,0.3735
no_drift,0.5,cits_plac,0.223
no_drift,0.5,local24,0.301
no_drift,0.5,rcs,0.2965
no_drift,1.0,single,0.79
no_drift,1.0,cits,0.827
no_drift,1.0,cits_plac,0.6615
no_drift,1.0,local24,0.587
no_drift,1.0,rcs,0.6735
no_drift,1.5,single,0.9775
no_drift,1.5,cits,0.992
no_drift,1.5,cits_plac,0.95
no_drift,1.5,local24,0.856
no_drift,1.5,rcs,0.931
half_drift,0.0,single,0.1625
half_drift,0.0,cits,0.174
half_drift,0.0,cits_plac,0.075
half_drift,0.0,local24,0.179
half_drift,0.0,rcs,0.149
half_drift,0.5,single,0.3715
half_drift,0.5,cits,0.402
half_drift,0.5,cits_plac,0.2195
half_drift,0.5,local24,0.307
half_drift,0.5,rcs,0.3165
half_drift,1.0,single,0.744
half_drift,1.0,cits,0.776
half_drift,1.0,cits_plac,0.5845
half_drift,1.0,local24,0.607
half_drift,1.0,rcs,0.6625
half_drift,1.5,single,0.95
half_drift,1.5,cits,0.965
half_drift,1.5,cits_plac,0.874
half_drift,1.5,local24,0.8525
half_drift,1.5,rcs,0.9095
fitted,0.0,single,0.306
fitted,0.0,cits,0.317
fitted,0.0,cits_plac,0.1435
fitted,0.0,local24,0.217
fitted,0.0,rcs,0.2125
fitted,0.5,single,0.449
fitted,0.5,cits,0.4715
fitted,0.5,cits_plac,0.251
fitted,0.5,local24,0.3525
fitted,0.5,rcs,0.37
fitted,1.0,single,0.7025
fitted,1.0,cits,0.729
fitted,1.0,cits_plac,0.518
fitted,1.0,local24,0.627
fitted,1.0,rcs,0.667
fitted,1.5,single,0.8955
fitted,1.5,cits,0.9085
fitted,1.5,cits_plac,0.766
fitted,1.5,local24,0.8635
fitted,1.5,rcs,0.897
