sample,instrument,emotion,true_b3,p_b3,emp_p_b3,placebo_share_p05_b3
2026,m1,anger,9.263168433909439e-05,0.33591944788930683,0.3333333333333333,0.0
2026,m1,disgust,0.0002482278159785693,0.16061144093080426,0.037037037037037035,0.0
2026,m1,fear,-3.88445970380662e-05,0.6104439149325999,0.9814814814814815,0.5740740740740741
2026,m1,joy,-0.00010739589535057893,0.4970840696353578,0.6851851851851852,0.25925925925925924
2026,m1,neutral,-0.00018061300258752081,0.5765210513144845,0.7962962962962963,0.018518518518518517
2026,m1,sadness,0.0002020411635778287,0.03017419960213487,0.037037037037037035,0.037037037037037035
2026,m1,surprise,-0.00021604680269171562,0.05211061726388294,0.6111111111111112,0.037037037037037035
2026,m2,anger,0.00015100120127078406,0.11279975650130963,0.14814814814814814,0.0
2026,m2,disgust,5.593964293567257e-06,0.713394798039843,0.6666666666666666,0.24074074074074073
2026,m2,fear,-2.012827852996385e-05,0.4021478679967483,0.8703703703703703,0.5740740740740741
2026,m2,joy,-0.0002561019164309677,0.3116141468722723,0.3888888888888889,0.18518518518518517
2026,m2,neutral,0.0006208032005240586,0.04485063595214867,0.2962962962962963,0.2037037037037037
2026,m2,sadness,8.646588460739254e-05,0.3608820534643623,0.8148148148148148,0.2222222222222222
2026,m2,surprise,-0.0004754415207175712,0.0017715820147570062,0.0,0.14814814814814814
2027,m1,anger,0.00011687096262820267,0.17674661236697298,0.5740740740740741,0.037037037037037035
2027,m1,disgust,0.000155894168194325,0.19523954477492866,0.8333333333333334,0.2962962962962963
2027,m1,fear,0.00012657030266462633,0.09522676290245481,0.7592592592592593,0.5
2027,m1,joy,-3.829300943321334e-05,0.7064045655792459,1.0,0.12962962962962962
2027,m1,neutral,-0.00010133522639274166,0.610602379107761,0.9629629629629629,0.037037037037037035
2027,m1,sadness,5.1738259083205754e-05,0.352414973338364,0.8703703703703703,0.0
2027,m1,surprise,-0.00031144546340174876,0.01071472509219255,0.9259259259259259,0.2962962962962963
2027,m2,anger,0.00011636276424225429,0.11144045117324387,0.9074074074074074,0.3333333333333333
2027,m2,disgust,-1.1017445641966217e-05,0.4279772250852032,0.8148148148148148,0.037037037037037035
2027,m2,fear,-3.323765254770457e-05,0.22114934985706736,0.9814814814814815,0.5740740740740741
2027,m2,joy,0.00017594614605771482,0.35264670172487345,0.6111111111111112,0.1111111111111111
2027,m2,neutral,-9.993338780307263e-05,0.6639350815260805,1.0,0.1111111111111111
2027,m2,sadness,1.4441147728308803e-05,0.8250263640560866,0.9814814814814815,0.0
2027,m2,surprise,-0.00018074121881778236,0.24241733968867496,0.8148148148148148,0.3148148148148148
2028,m1,anger,0.0002123506650432091,0.01012381121862541,0.09259259259259259,0.0
2028,m1,disgust,0.00027809940091522893,0.005196090222353685,0.4444444444444444,0.0
2028,m1,fear,7.38105333490071e-05,0.1965158759366753,0.7777777777777778,0.4074074074074074
2028,m1,joy,-0.00013613704368179696,0.2980317250312777,0.8888888888888888,0.25925925925925924
2028,m1,neutral,0.00018254155465381418,0.33282395684517596,0.9259259259259259,0.2037037037037037
2028,m1,sadness,2.4785900055318667e-05,0.6647301082827985,0.8888888888888888,0.05555555555555555
2028,m1,surprise,-0.0006354512851163342,0.00016786676538476205,0.2037037037037037,0.14814814814814814
2028,m2,anger,0.00043849791316551883,2.161986835544988e-06,0.018518518518518517,0.0
2028,m2,disgust,-7.680129284630372e-06,0.5271037370102822,0.9074074074074074,0.5740740740740741
2028,m2,fear,-3.392711639961149e-05,0.16313696207391704,0.9444444444444444,0.42592592592592593
2028,m2,joy,7.000591625441983e-05,0.7443459019551149,0.9074074074074074,0.0
2028,m2,neutral,2.3175274062146635e-05,0.9274742968183032,1.0,0.6666666666666666
2028,m2,sadness,4.999637085567412e-05,0.27801180944795334,1.0,0.35185185185185186
2028,m2,surprise,-0.0003971134596661293,0.002434300386962167,0.4444444444444444,0.6296296296296297
pooled,m1,anger,0.00015709032657123848,0.0012425663554870934,0.14814814814814814,0.0
pooled,m1,disgust,0.0002548644758297519,0.009469400709526494,0.12962962962962962,0.018518518518518517
pooled,m1,fear,7.087791172608057e-05,0.22425287326450138,1.0,0.6851851851851852
pooled,m1,joy,-0.00010378212882867583,0.28130517263114563,0.8148148148148148,0.2962962962962963
pooled,m1,neutral,-8.875041334928963e-05,0.5371451271612226,1.0,0.3333333333333333
pooled,m1,sadness,9.453732162978687e-05,0.009385075353536308,0.2777777777777778,0.018518518518518517
pooled,m1,surprise,-0.00038483754251747036,0.00019094819756168557,0.12962962962962962,0.07407407407407407
pooled,m2,anger,0.00025752654602685784,1.4593772734603654e-05,0.2222222222222222,0.2037037037037037
pooled,m2,disgust,-2.6279279403890414e-06,0.7251845066587514,0.8518518518518519,0.24074074074074073
pooled,m2,fear,-2.483911561594446e-05,0.2226651277352778,0.9814814814814815,0.6296296296296297
pooled,m2,joy,-7.537866718212967e-06,0.9621432249927088,0.9814814814814815,0.2037037037037037
pooled,m2,neutral,0.00014541270795525487,0.29909400879853043,1.0,0.2037037037037037
pooled,m2,sadness,5.026278233832164e-05,0.2170894805959771,0.9259259259259259,0.7962962962962963
pooled,m2,surprise,-0.0003665000930168072,5.451949985163883e-06,0.0,0.0
