sample,instrument,weighting,spec,b2,p
2026,m1,comment,linear,0.009838061727713461,5.481996618678876e-05
2026,m1,comment,month_FE,0.009723156545954915,9.715696911081825e-05
2026,m1,comment,fourier_K2,0.010054338450276715,6.120180172008488e-05
2026,m1,comment,quadratic,0.00537011211374178,0.017424780942887547
2026,m1,comment,rcs4_pre,0.001714241640824571,0.4809104456867871
2026,m1,comment,arima100,0.009301898996561614,0.033238673850050526
2026,m1,comment,local_pm12,-9.725700699162246e-05,0.9822620791937283
2026,m1,comment,local_pm24,0.006564864207976971,0.01640209325919933
2026,m1,comment,local_pm36,0.0028748235899790624,0.26021262451731875
2026,m1,story,linear,0.008725187687808668,0.0010079927880759748
2026,m2,comment,linear,0.0005392913286730045,0.4247291581887629
2026,m2,comment,month_FE,0.0004893700612949015,0.46504660258407116
2026,m2,comment,fourier_K2,0.0005458284879960792,0.42924622051165084
2026,m2,comment,quadratic,-0.00031769930790046045,0.6287528171856046
2026,m2,comment,rcs4_pre,-0.000913223427014694,0.22704803146421992
2026,m2,comment,arima100,0.0005620902609090432,0.5441279079438663
2026,m2,comment,local_pm12,1.3819198820971877e-05,0.9899810362049571
2026,m2,comment,local_pm24,0.0001656837326110041,0.8554414716569685
2026,m2,comment,local_pm36,-0.0005851210881078918,0.45170193064025754
2026,m2,story,linear,7.580761844874477e-05,0.9154455875766927
2026,m3,comment,linear,0.0008276121378750772,0.3134346131420255
2026,m3,comment,month_FE,0.0009234039036840402,0.257408127440675
2026,m3,comment,fourier_K2,0.00087894555031268,0.2846537454097563
2026,m3,comment,quadratic,2.7415467225636684e-05,0.9724495676267731
2026,m3,comment,rcs4_pre,-0.000631730809090876,0.4511234024349683
2026,m3,comment,arima100,0.0020089518236783652,0.08329260057830279
2026,m3,comment,local_pm12,-0.0030223801513453415,0.019739631257639133
2026,m3,comment,local_pm24,-0.0005134901410698434,0.5425989810542845
2026,m3,comment,local_pm36,-0.0009239285097011973,0.27610972920730814
2026,m3,story,linear,0.0007109121607098291,0.374537787718609
pooled,m1,comment,linear,0.005112261636851793,0.00297101999195417
pooled,m1,comment,month_FE,0.004917846403712285,0.0039743288526387895
pooled,m1,comment,fourier_K2,0.005031280169391169,0.003272464315617553
pooled,m1,comment,quadratic,0.0012177529975107202,0.45297281408943146
pooled,m1,comment,rcs4_pre,0.00048482973310212793,0.8095527345235684
pooled,m1,comment,arima100,0.003460062800304418,0.3278779242081167
pooled,m1,comment,local_pm12,0.0002490938304638675,0.9416068579467077
pooled,m1,comment,local_pm24,0.002993271558181092,0.19067780249187105
pooled,m1,comment,local_pm36,0.0012283910914507707,0.5156748533402866
pooled,m1,story,linear,0.005762279530352737,3.6758275808513475e-05
pooled,m2,comment,linear,0.0008408225762079665,0.027452499244555586
pooled,m2,comment,month_FE,0.0008338576807411578,0.03326223746466893
pooled,m2,comment,fourier_K2,0.0008514671581746445,0.032028253423203236
pooled,m2,comment,quadratic,0.00020298476436037338,0.5711880860969707
pooled,m2,comment,rcs4_pre,-5.133718534365976e-05,0.9043444728389277
pooled,m2,comment,arima100,0.0005143181856786825,0.4428134536669348
pooled,m2,comment,local_pm12,0.0007742381820754648,0.17145438540509927
pooled,m2,comment,local_pm24,0.000499641256595866,0.22456817025946585
pooled,m2,comment,local_pm36,0.00029692186864915305,0.44838058588255536
pooled,m2,story,linear,0.0004939718891286733,0.2739436037088465
pooled,m3,comment,linear,-0.0005944626731397675,0.11198255382155968
pooled,m3,comment,month_FE,-0.0006305685828324048,0.10529935580318453
pooled,m3,comment,fourier_K2,-0.0006554096848679757,0.09208516539661786
pooled,m3,comment,quadratic,-0.0007581640257685951,0.050575954608852336
pooled,m3,comment,rcs4_pre,-0.0008587493463783182,0.06941842472298544
pooled,m3,comment,arima100,0.00019965924648072847,0.8781566630685691
pooled,m3,comment,local_pm12,-0.0010868702548786965,0.09161607681650882
pooled,m3,comment,local_pm24,-7.5011746739264e-05,0.8678361407646089
pooled,m3,comment,local_pm36,-0.0009626172524457644,0.04622346753479496
pooled,m3,story,linear,4.955181429574408e-05,0.8753478979737259
