unit,post_mean_gap,pre_mean_gap,rmspe_pre,ratio,top_donors,rank_ratio,n_months
AI,0.001305634548517873,0.00011506961152336059,0.005429957955770418,0.8929774186398768,topic10:0.14;topic5:0.12;topic15:0.11,16,122
topic0,-0.001273802578336978,-0.0002220505776438893,0.007427698304110926,1.0346977017619718,topic10:0.19;topic2:0.13;topic7:0.12,13,122
topic1,0.006757788996144035,0.007939140760788208,0.017218786011693337,1.034156980246072,topic17:1.00;topic8:0.00;topic18:0.00,14,122
topic2,4.108510416261526e-05,-0.001574435596214128,0.005488750859606621,0.9092525960023942,topic11:0.31;topic3:0.19;topic7:0.19,15,122
topic3,-0.0010266051582362883,-0.00030198540966285746,0.005789707338647906,1.0417342752065437,topic2:0.24;topic4:0.23;topic12:0.15,11,122
topic4,-0.0015418783009936397,-0.002359905323350802,0.008130907540756563,0.7753770650744233,topic3:0.35;topic7:0.34;topic2:0.22,18,122
topic5,0.001688094998297184,0.00012910718220384004,0.0051986427169054324,1.4120164790582428,topic4:0.18;topic9:0.14;topic0:0.13,2,122
topic6,0.00018436183474933876,0.0003129521498581939,0.006646705932719342,1.2066199462914644,topic12:0.18;topic18:0.16;topic1:0.16,5,122
topic7,0.00023110089025016933,-0.0004914369282437643,0.005399614890134577,1.1644102319808858,topic4:0.18;topic2:0.18;topic3:0.14,8,122
topic8,0.0016252650129012314,0.0002415998719358978,0.007979432397482864,1.050563034299937,topic17:0.31;topic0:0.16;topic15:0.13,10,122
topic9,-0.0014802190675346479,0.00043414546612325684,0.006536296957155211,1.175127734926023,topic5:0.13;topic10:0.13;topic18:0.12,6,122
topic10,0.0018846332224982936,-5.88854017086458e-05,0.008280677472695843,1.9723577442402136,topic0:0.25;topic11:0.15;topic9:0.15,1,122
topic11,-0.0006441971978727939,-0.0005670569940769798,0.006058306688581707,1.0355796040496401,topic2:0.45;topic13:0.18;topic7:0.13,12,122
topic12,-0.002795328149413079,-0.0005790488713405985,0.006596595525795305,0.7290820943175343,topic2:0.27;topic3:0.18;topic6:0.14,20,122
topic13,-0.0015181619752523544,-0.0005810847460882045,0.006424473533542561,1.1013228810619835,topic2:0.22;topic11:0.20;topic7:0.19,9,122
topic14,-0.00487298533181383,-0.002242991232275519,0.025609214852818692,0.47642695506691196,topic11:0.55;topic5:0.20;topic7:0.12,21,122
topic15,-0.000416083956232191,0.001589151030731727,0.013340176472090924,1.2866479451417734,topic8:0.31;topic17:0.30;topic9:0.18,4,122
topic16,0.0011724878856843532,0.0003689730453285794,0.00803555732108638,0.7352499486539897,topic0:0.18;topic18:0.16;topic17:0.13,19,122
topic17,0.002960743181731097,0.002009428747019057,0.008120664364547715,1.3062118466100034,topic18:0.35;topic1:0.30;topic8:0.21,3,122
topic18,2.5781556688507496e-05,0.0015499656953088076,0.009862409015963632,0.8755576549335082,topic17:0.48;topic16:0.18;topic6:0.14,17,122
topic19,-0.0008766395132470753,7.092118145550411e-05,0.006655062531065419,1.1744555969390824,topic4:0.17;topic17:0.15;topic0:0.14,7,122
